Image,PixelCount,MeanTb,MinTb,MedianTb,CenterX,CenterY,MinRadius,MaxRadius,MeanRadius,CloudTopHeight
dummy_image_0.png,4,17.5,1.0,19.0,0.75,1.0,0.25,1.03,0.77,57.8
dummy_image_0.png,3,41.33,23.0,23.0,7.0,0.0,0.0,1.0,0.67,53.4
dummy_image_0.png,1,42.0,42.0,42.0,12.0,0.0,0.0,0.0,0.0,49.6
dummy_image_0.png,3,53.67,7.0,58.0,17.0,0.0,0.0,1.0,0.67,56.6
dummy_image_0.png,1,58.0,58.0,58.0,22.0,0.0,0.0,0.0,0.0,46.4
dummy_image_0.png,9,64.67,28.0,56.0,25.56,0.56,0.71,2.51,1.46,52.4
dummy_image_0.png,1,86.0,86.0,86.0,35.0,0.0,0.0,0.0,0.0,40.8
dummy_image_0.png,4,61.0,19.0,65.0,38.0,0.25,0.25,1.03,0.77,54.2
dummy_image_0.png,2,85.5,78.0,85.5,47.0,0.5,0.5,0.5,0.5,42.4
dummy_image_0.png,5,54.6,26.0,60.0,51.4,0.2,0.45,1.61,1.0,52.8
dummy_image_0.png,6,48.83,13.0,40.5,56.5,1.0,0.5,1.8,1.14,55.4
dummy_image_0.png,9,50.56,17.0,51.0,61.11,1.56,0.46,2.62,1.66,54.6
dummy_image_0.png,2,60.0,47.0,60.0,4.5,1.0,0.5,0.5,0.5,48.6
dummy_image_0.png,3,62.0,19.0,82.0,10.0,1.0,0.0,1.0,0.67,54.2
dummy_image_0.png,1,87.0,87.0,87.0,13.0,1.0,0.0,0.0,0.0,40.6
dummy_image_0.png,1,86.0,86.0,86.0,15.0,1.0,0.0,0.0,0.0,40.8
dummy_image_0.png,1,41.0,41.0,41.0,20.0,1.0,0.0,0.0,0.0,49.8
dummy_image_0.png,16,40.31,1.0,29.5,31.0,2.44,0.56,3.33,1.92,57.8
dummy_image_0.png,3,80.0,74.0,82.0,35.67,1.67,0.47,0.75,0.65,43.2
dummy_image_0.png,1,46.0,46.0,46.0,42.0,1.0,0.0,0.0,0.0,48.8
dummy_image_0.png,14,64.86,21.0,63.5,50.5,4.29,0.58,3.61,1.9,53.8
dummy_image_0.png,1,67.0,67.0,67.0,54.0,1.0,0.0,0.0,0.0,44.6
dummy_image_0.png,3,41.67,25.0,34.0,2.67,2.67,0.47,0.75,0.65,53.0
dummy_image_0.png,2,49.0,48.0,49.0,8.0,2.5,0.5,0.5,0.5,48.4
dummy_image_0.png,47,53.66,1.0,61.0,11.53,9.19,1.48,7.21,3.91,57.8
dummy_image_0.png,5,38.2,1.0,29.0,15.2,3.0,0.2,1.28,0.9,57.8
dummy_image_0.png,1,29.0,29.0,29.0,21.0,2.0,0.0,0.0,0.0,52.2
dummy_image_0.png,2,75.0,55.0,75.0,41.0,2.5,0.5,0.5,0.5,47.0
dummy_image_0.png,1,23.0,23.0,23.0,43.0,2.0,0.0,0.0,0.0,53.4
dummy_image_0.png,1,68.0,68.0,68.0,46.0,2.0,0.0,0.0,0.0,44.4
dummy_image_0.png,13,50.54,9.0,45.0,0.69,6.38,0.49,3.45,1.78,56.2
dummy_image_0.png,1,89.0,89.0,89.0,19.0,3.0,0.0,0.0,0.0,40.2
dummy_image_0.png,5,39.4,2.0,48.0,37.4,3.8,0.45,1.61,1.0,57.6
dummy_image_0.png,1,54.0,54.0,54.0,45.0,3.0,0.0,0.0,0.0,47.2
dummy_image_0.png,3,67.67,34.0,71.0,48.33,3.67,0.47,0.75,0.65,51.2
dummy_image_0.png,1,72.0,72.0,72.0,53.0,3.0,0.0,0.0,0.0,43.6
dummy_image_0.png,1,32.0,32.0,32.0,55.0,3.0,0.0,0.0,0.0,51.6
dummy_image_0.png,3,27.67,18.0,31.0,58.67,3.67,0.47,0.75,0.65,54.4
dummy_image_0.png,3,49.33,34.0,40.0,6.67,4.67,0.47,0.75,0.65,51.2
dummy_image_0.png,2,82.5,66.0,82.5,20.5,4.0,0.5,0.5,0.5,44.8
dummy_image_0.png,1,84.0,84.0,84.0,23.0,4.0,0.0,0.0,0.0,41.2
dummy_image_0.png,7,41.57,14.0,30.0,26.57,4.86,0.45,1.83,1.12,55.2
dummy_image_0.png,3,22.0,17.0,20.0,32.67,4.67,0.47,0.75,0.65,54.6
dummy_image_0.png,3,18.67,0.0,2.0,44.0,5.0,0.0,1.0,0.67,58.0
dummy_image_0.png,1,9.0,9.0,9.0,56.0,4.0,0.0,0.0,0.0,56.2
dummy_image_0.png,3,40.0,25.0,47.0,60.67,4.67,0.47,0.75,0.65,53.0
dummy_image_0.png,6,55.5,10.0,52.0,17.33,5.5,0.6,1.74,1.12,56.0
dummy_image_0.png,1,64.0,64.0,64.0,35.0,5.0,0.0,0.0,0.0,45.2
dummy_image_0.png,1,7.0,7.0,7.0,41.0,5.0,0.0,0.0,0.0,56.6
dummy_image_0.png,3,24.67,9.0,18.0,46.33,5.67,0.47,0.75,0.65,56.2
dummy_image_0.png,1,62.0,62.0,62.0,55.0,5.0,0.0,0.0,0.0,45.6
dummy_image_0.png,1,96.0,96.0,96.0,63.0,5.0,0.0,0.0,0.0,38.8
dummy_image_0.png,1,92.0,92.0,92.0,20.0,6.0,0.0,0.0,0.0,39.6
dummy_image_0.png,3,47.33,12.0,39.0,22.33,6.67,0.47,0.75,0.65,55.6
dummy_image_0.png,1,18.0,18.0,18.0,25.0,6.0,0.0,0.0,0.0,54.4
dummy_image_0.png,1,94.0,94.0,94.0,34.0,6.0,0.0,0.0,0.0,39.2
dummy_image_0.png,9,61.33,21.0,57.0,36.33,8.89,0.35,3.13,1.77,53.8
dummy_image_0.png,1,44.0,44.0,44.0,54.0,6.0,0.0,0.0,0.0,49.2
dummy_image_0.png,1,7.0,7.0,7.0,57.0,6.0,0.0,0.0,0.0,56.6
dummy_image_0.png,1,1.0,1.0,1.0,4.0,7.0,0.0,0.0,0.0,57.8
dummy_image_0.png,1,58.0,58.0,58.0,6.0,7.0,0.0,0.0,0.0,46.4
dummy_image_0.png,4,59.75,23.0,63.0,8.0,7.5,0.5,1.12,0.81,53.4
dummy_image_0.png,3,35.33,13.0,25.0,29.33,7.33,0.47,0.75,0.65,55.4
dummy_image_0.png,6,70.33,29.0,77.0,39.17,7.67,0.37,1.95,1.18,52.2
dummy_image_0.png,6,41.0,9.0,35.0,47.83,8.17,0.24,1.18,0.91,56.2
dummy_image_0.png,8,56.25,38.0,59.5,56.38,8.88,0.64,2.22,1.36,50.4
dummy_image_0.png,1,94.0,94.0,94.0,58.0,7.0,0.0,0.0,0.0,39.2
dummy_image_0.png,1,96.0,96.0,96.0,60.0,7.0,0.0,0.0,0.0,38.8
dummy_image_0.png,9,62.33,35.0,67.0,62.33,9.11,0.35,2.21,1.46,51.0
dummy_image_0.png,23,49.39,0.0,48.0,20.7,12.22,0.73,5.49,2.92,58.0
dummy_image_0.png,12,53.33,14.0,52.5,26.33,10.42,0.53,3.36,1.88,55.2
dummy_image_0.png,2,18.5,16.0,18.5,33.5,8.0,0.5,0.5,0.5,54.8
dummy_image_0.png,1,1.0,1.0,1.0,42.0,8.0,0.0,0.0,0.0,57.8
dummy_image_0.png,1,87.0,87.0,87.0,45.0,8.0,0.0,0.0,0.0,40.6
dummy_image_0.png,1,51.0,51.0,51.0,61.0,8.0,0.0,0.0,0.0,47.8
dummy_image_0.png,1,47.0,47.0,47.0,5.0,9.0,0.0,0.0,0.0,48.6
dummy_image_0.png,2,47.5,13.0,47.5,30.0,9.5,0.5,0.5,0.5,55.4
dummy_image_0.png,5,45.0,12.0,46.0,50.4,9.4,0.57,1.65,1.04,55.6
dummy_image_0.png,1,6.0,6.0,6.0,60.0,9.0,0.0,0.0,0.0,56.8
dummy_image_0.png,7,48.86,6.0,49.0,1.14,11.29,0.32,1.55,1.02,56.8
dummy_image_0.png,1,38.0,38.0,38.0,4.0,10.0,0.0,0.0,0.0,50.4
dummy_image_0.png,1,12.0,12.0,12.0,8.0,10.0,0.0,0.0,0.0,55.6
dummy_image_0.png,1,32.0,32.0,32.0,12.0,10.0,0.0,0.0,0.0,51.6
dummy_image_0.png,1,24.0,24.0,24.0,17.0,10.0,0.0,0.0,0.0,53.2
dummy_image_0.png,8,60.0,11.0,62.5,32.5,11.25,0.56,1.68,1.12,55.8
dummy_image_0.png,3,31.67,4.0,42.0,38.67,10.67,0.47,0.75,0.65,57.2
dummy_image_0.png,1,87.0,87.0,87.0,43.0,10.0,0.0,0.0,0.0,40.6
dummy_image_0.png,23,52.04,4.0,58.0,45.7,14.48,0.57,4.53,2.61,57.2
dummy_image_0.png,1,56.0,56.0,56.0,53.0,10.0,0.0,0.0,0.0,46.8
dummy_image_0.png,1,92.0,92.0,92.0,59.0,10.0,0.0,0.0,0.0,39.6
dummy_image_0.png,1,55.0,55.0,55.0,6.0,11.0,0.0,0.0,0.0,47.0
dummy_image_0.png,5,57.4,11.0,74.0,17.6,12.2,0.45,1.26,0.85,55.8
dummy_image_0.png,2,57.0,55.0,57.0,44.0,11.5,0.5,0.5,0.5,47.0
dummy_image_0.png,1,44.0,44.0,44.0,51.0,11.0,0.0,0.0,0.0,49.2
dummy_image_0.png,1,47.0,47.0,47.0,54.0,11.0,0.0,0.0,0.0,48.6
dummy_image_0.png,1,19.0,19.0,19.0,4.0,12.0,0.0,0.0,0.0,54.2
dummy_image_0.png,1,22.0,22.0,22.0,29.0,12.0,0.0,0.0,0.0,53.6
dummy_image_0.png,1,49.0,49.0,49.0,41.0,12.0,0.0,0.0,0.0,48.2
dummy_image_0.png,1,94.0,94.0,94.0,49.0,12.0,0.0,0.0,0.0,39.2
dummy_image_0.png,1,21.0,21.0,21.0,53.0,12.0,0.0,0.0,0.0,53.8
dummy_image_0.png,1,81.0,81.0,81.0,56.0,12.0,0.0,0.0,0.0,41.8
dummy_image_0.png,16,51.19,5.0,51.0,60.31,14.19,0.36,3.52,2.2,57.0
dummy_image_0.png,1,78.0,78.0,78.0,3.0,13.0,0.0,0.0,0.0,42.4
dummy_image_0.png,1,42.0,42.0,42.0,22.0,13.0,0.0,0.0,0.0,49.6
dummy_image_0.png,1,84.0,84.0,84.0,30.0,13.0,0.0,0.0,0.0,41.2
dummy_image_0.png,4,71.5,51.0,75.0,39.25,14.25,0.35,1.27,0.87,47.8
dummy_image_0.png,4,40.0,0.0,40.5,50.75,14.0,0.25,1.03,0.77,58.0
dummy_image_0.png,1,81.0,81.0,81.0,54.0,13.0,0.0,0.0,0.0,41.8
dummy_image_0.png,1,25.0,25.0,25.0,63.0,13.0,0.0,0.0,0.0,53.0
dummy_image_0.png,2,45.0,0.0,45.0,0.0,14.5,0.5,0.5,0.5,58.0
dummy_image_0.png,1,71.0,71.0,71.0,2.0,14.0,0.0,0.0,0.0,43.8
dummy_image_0.png,9,55.0,16.0,55.0,4.11,15.56,0.46,1.79,1.22,54.8
dummy_image_0.png,1,7.0,7.0,7.0,25.0,14.0,0.0,0.0,0.0,56.6
dummy_image_0.png,8,46.75,8.0,49.5,34.88,14.75,0.28,2.14,1.38,56.4
dummy_image_0.png,1,47.0,47.0,47.0,41.0,14.0,0.0,0.0,0.0,48.6
dummy_image_0.png,2,24.0,9.0,24.0,55.5,14.0,0.5,0.5,0.5,56.2
dummy_image_0.png,1,63.0,63.0,63.0,14.0,15.0,0.0,0.0,0.0,45.4
dummy_image_0.png,1,8.0,8.0,8.0,16.0,15.0,0.0,0.0,0.0,56.4
dummy_image_0.png,1,30.0,30.0,30.0,18.0,15.0,0.0,0.0,0.0,52.0
dummy_image_0.png,3,49.0,24.0,26.0,31.33,15.67,0.47,0.75,0.65,53.2
dummy_image_0.png,1,27.0,27.0,27.0,42.0,15.0,0.0,0.0,0.0,52.6
dummy_image_0.png,2,34.5,25.0,34.5,53.5,15.0,0.5,0.5,0.5,53.0
dummy_image_0.png,1,63.0,63.0,63.0,57.0,15.0,0.0,0.0,0.0,45.4
dummy_image_0.png,1,76.0,76.0,76.0,59.0,15.0,0.0,0.0,0.0,42.8
dummy_image_0.png,3,57.0,15.0,62.0,1.33,16.67,0.47,0.75,0.65,55.0
dummy_image_0.png,5,36.0,17.0,35.0,8.4,16.8,0.45,1.26,0.85,54.6
dummy_image_0.png,14,60.93,11.0,69.5,12.14,18.79,0.26,3.01,1.76,55.8
dummy_image_0.png,57,46.0,0.0,44.0,30.12,19.54,0.47,9.0,4.57,58.0
dummy_image_0.png,1,34.0,34.0,34.0,43.0,16.0,0.0,0.0,0.0,51.2
dummy_image_0.png,1,44.0,44.0,44.0,56.0,16.0,0.0,0.0,0.0,49.2
dummy_image_0.png,9,56.33,21.0,61.0,58.44,18.22,0.5,2.27,1.44,53.8
dummy_image_0.png,2,8.0,4.0,8.0,21.0,17.5,0.5,0.5,0.5,57.2
dummy_image_0.png,4,35.75,8.0,40.5,38.0,17.5,0.5,1.12,0.81,56.4
dummy_image_0.png,7,49.14,6.0,55.0,41.29,18.14,0.32,1.88,1.21,56.8
dummy_image_0.png,1,28.0,28.0,28.0,50.0,17.0,0.0,0.0,0.0,52.4
dummy_image_0.png,6,65.5,8.0,80.5,52.5,17.83,0.53,1.72,1.09,56.4
dummy_image_0.png,1,59.0,59.0,59.0,6.0,18.0,0.0,0.0,0.0,46.2
dummy_image_0.png,1,22.0,22.0,22.0,36.0,18.0,0.0,0.0,0.0,53.6
dummy_image_0.png,2,29.0,16.0,29.0,48.5,18.0,0.5,0.5,0.5,54.8
dummy_image_0.png,1,12.0,12.0,12.0,56.0,18.0,0.0,0.0,0.0,55.6
dummy_image_0.png,2,61.5,49.0,61.5,63.0,18.5,0.5,0.5,0.5,48.2
dummy_image_0.png,5,41.0,5.0,48.0,1.8,19.6,0.45,1.26,0.85,57.0
dummy_image_0.png,1,15.0,15.0,15.0,17.0,19.0,0.0,0.0,0.0,55.0
dummy_image_0.png,4,29.5,9.0,32.5,20.25,20.0,0.25,1.03,0.77,56.2
dummy_image_0.png,1,56.0,56.0,56.0,37.0,19.0,0.0,0.0,0.0,46.8
dummy_image_0.png,18,61.67,20.0,67.5,52.72,22.61,0.48,3.83,2.18,54.0
dummy_image_0.png,3,34.67,16.0,33.0,4.67,20.67,0.47,0.75,0.65,54.8
dummy_image_0.png,1,1.0,1.0,1.0,45.0,20.0,0.0,0.0,0.0,57.8
dummy_image_0.png,1,84.0,84.0,84.0,47.0,20.0,0.0,0.0,0.0,41.2
dummy_image_0.png,1,76.0,76.0,76.0,61.0,20.0,0.0,0.0,0.0,42.8
dummy_image_0.png,4,28.75,5.0,14.0,8.5,21.5,0.71,0.71,0.71,57.0
dummy_image_0.png,1,48.0,48.0,48.0,16.0,21.0,0.0,0.0,0.0,48.4
dummy_image_0.png,1,71.0,71.0,71.0,44.0,21.0,0.0,0.0,0.0,43.8
dummy_image_0.png,2,62.0,49.0,62.0,49.5,21.0,0.5,0.5,0.5,48.2
dummy_image_0.png,2,45.0,36.0,45.0,56.5,21.0,0.5,0.5,0.5,50.8
dummy_image_0.png,2,24.0,12.0,24.0,60.0,21.5,0.5,0.5,0.5,55.6
dummy_image_0.png,1,41.0,41.0,41.0,0.0,22.0,0.0,0.0,0.0,49.8
dummy_image_0.png,6,50.33,9.0,47.5,2.17,23.17,0.24,1.43,1.05,56.2
dummy_image_0.png,1,21.0,21.0,21.0,17.0,22.0,0.0,0.0,0.0,53.8
dummy_image_0.png,1,74.0,74.0,74.0,22.0,22.0,0.0,0.0,0.0,43.2
dummy_image_0.png,4,43.25,11.0,36.5,41.0,22.5,0.5,1.12,0.81,55.8
dummy_image_0.png,3,48.0,7.0,60.0,62.67,22.33,0.47,0.75,0.65,56.6
dummy_image_0.png,1,37.0,37.0,37.0,4.0,23.0,0.0,0.0,0.0,50.6
dummy_image_0.png,1,34.0,34.0,34.0,10.0,23.0,0.0,0.0,0.0,51.2
dummy_image_0.png,2,80.0,73.0,80.0,14.5,23.0,0.5,0.5,0.5,43.4
dummy_image_0.png,1,16.0,16.0,16.0,19.0,23.0,0.0,0.0,0.0,54.8
dummy_image_0.png,11,48.91,2.0,52.0,24.45,25.55,0.71,2.93,1.65,57.6
dummy_image_0.png,1,38.0,38.0,38.0,46.0,23.0,0.0,0.0,0.0,50.4
dummy_image_0.png,3,32.33,17.0,37.0,48.67,23.33,0.47,0.75,0.65,54.6
dummy_image_0.png,7,48.14,5.0,41.0,56.71,24.43,0.52,1.73,1.06,57.0
dummy_image_0.png,9,57.44,26.0,57.0,7.67,25.11,0.35,2.89,1.63,52.8
dummy_image_0.png,6,40.0,4.0,38.0,28.5,24.83,0.53,1.72,1.09,57.2
dummy_image_0.png,1,33.0,33.0,33.0,39.0,24.0,0.0,0.0,0.0,51.4
dummy_image_0.png,2,83.0,75.0,83.0,43.5,24.0,0.5,0.5,0.5,43.0
dummy_image_0.png,1,33.0,33.0,33.0,47.0,24.0,0.0,0.0,0.0,51.4
dummy_image_0.png,2,38.0,13.0,38.0,61.0,24.5,0.5,0.5,0.5,55.4
dummy_image_0.png,1,98.0,98.0,98.0,4.0,25.0,0.0,0.0,0.0,38.4
dummy_image_0.png,1,85.0,85.0,85.0,12.0,25.0,0.0,0.0,0.0,41.0
dummy_image_0.png,1,18.0,18.0,18.0,14.0,25.0,0.0,0.0,0.0,54.4
dummy_image_0.png,4,52.75,36.0,57.0,21.25,25.25,0.35,1.27,0.87,50.8
dummy_image_0.png,1,47.0,47.0,47.0,33.0,25.0,0.0,0.0,0.0,48.6
dummy_image_0.png,1,70.0,70.0,70.0,37.0,25.0,0.0,0.0,0.0,44.0
dummy_image_0.png,1,7.0,7.0,7.0,41.0,25.0,0.0,0.0,0.0,56.6
dummy_image_0.png,2,75.0,66.0,75.0,59.0,25.5,0.5,0.5,0.5,44.8
dummy_image_0.png,27,46.0,0.0,37.0,61.15,30.15,0.86,5.47,2.79,58.0
dummy_image_0.png,3,26.0,11.0,17.0,1.0,26.0,0.0,1.0,0.67,55.8
dummy_image_0.png,3,22.0,3.0,11.0,16.0,26.0,0.0,1.0,0.67,57.4
dummy_image_0.png,3,41.67,10.0,34.0,19.33,26.67,0.47,0.75,0.65,56.0
dummy_image_0.png,1,42.0,42.0,42.0,38.0,26.0,0.0,0.0,0.0,49.6
dummy_image_0.png,5,36.6,7.0,41.0,40.4,26.8,0.45,1.61,1.0,56.6
dummy_image_0.png,1,4.0,4.0,4.0,43.0,26.0,0.0,0.0,0.0,57.2
dummy_image_0.png,1,91.0,91.0,91.0,45.0,26.0,0.0,0.0,0.0,39.8
dummy_image_0.png,7,44.14,10.0,45.0,49.14,26.86,0.2,2.31,1.43,56.0
dummy_image_0.png,1,58.0,58.0,58.0,6.0,27.0,0.0,0.0,0.0,46.4
dummy_image_0.png,25,50.04,2.0,52.0,12.92,29.88,0.88,6.21,3.28,57.6
dummy_image_0.png,2,29.5,2.0,29.5,14.0,27.5,0.5,0.5,0.5,57.6
dummy_image_0.png,2,62.5,30.0,62.5,30.5,27.0,0.5,0.5,0.5,52.0
dummy_image_0.png,1,39.0,39.0,39.0,35.0,27.0,0.0,0.0,0.0,50.2
dummy_image_0.png,2,58.5,27.0,58.5,37.0,27.5,0.5,0.5,0.5,52.6
dummy_image_0.png,1,38.0,38.0,38.0,55.0,27.0,0.0,0.0,0.0,50.4
dummy_image_0.png,1,75.0,75.0,75.0,0.0,28.0,0.0,0.0,0.0,43.0
dummy_image_0.png,7,41.0,1.0,35.0,4.14,29.71,0.32,1.72,1.11,57.8
dummy_image_0.png,1,83.0,83.0,83.0,16.0,28.0,0.0,0.0,0.0,41.4
dummy_image_0.png,6,41.17,4.0,28.5,28.17,29.33,0.37,1.86,1.2,57.2
dummy_image_0.png,1,9.0,9.0,9.0,32.0,28.0,0.0,0.0,0.0,56.2
dummy_image_0.png,1,34.0,34.0,34.0,44.0,28.0,0.0,0.0,0.0,51.2
dummy_image_0.png,1,71.0,71.0,71.0,47.0,28.0,0.0,0.0,0.0,43.8
dummy_image_0.png,2,59.0,23.0,59.0,53.0,28.5,0.5,0.5,0.5,53.4
dummy_image_0.png,1,1.0,1.0,1.0,57.0,28.0,0.0,0.0,0.0,57.8
dummy_image_0.png,4,51.75,35.0,50.5,21.5,30.0,0.5,1.12,0.81,51.0
dummy_image_0.png,1,13.0,13.0,13.0,34.0,29.0,0.0,0.0,0.0,55.4
dummy_image_0.png,12,49.67,9.0,53.5,41.08,31.75,0.26,3.45,1.84,56.2
dummy_image_0.png,2,65.5,41.0,65.5,42.5,29.0,0.5,0.5,0.5,49.8
dummy_image_0.png,1,81.0,81.0,81.0,46.0,29.0,0.0,0.0,0.0,41.8
dummy_image_0.png,1,38.0,38.0,38.0,50.0,29.0,0.0,0.0,0.0,50.4
dummy_image_0.png,3,29.33,8.0,31.0,55.67,29.33,0.47,0.75,0.65,56.4
dummy_image_0.png,1,22.0,22.0,22.0,58.0,29.0,0.0,0.0,0.0,53.6
dummy_image_0.png,1,2.0,2.0,2.0,24.0,30.0,0.0,0.0,0.0,57.6
dummy_image_0.png,6,51.83,2.0,59.5,26.0,31.17,0.17,1.3,0.99,57.6
dummy_image_0.png,2,55.0,15.0,55.0,31.5,30.0,0.5,0.5,0.5,55.0
dummy_image_0.png,17,55.0,6.0,54.0,34.65,32.76,0.42,2.94,1.89,56.8
dummy_image_0.png,2,48.5,3.0,48.5,44.5,30.0,0.5,0.5,0.5,57.4
dummy_image_0.png,1,89.0,89.0,89.0,47.0,30.0,0.0,0.0,0.0,40.2
dummy_image_0.png,6,47.5,20.0,44.5,49.17,31.0,0.17,1.83,1.09,54.0
dummy_image_0.png,1,79.0,79.0,79.0,52.0,30.0,0.0,0.0,0.0,42.2
dummy_image_0.png,1,94.0,94.0,94.0,23.0,31.0,0.0,0.0,0.0,39.2
dummy_image_0.png,7,50.14,9.0,60.0,53.71,31.86,0.32,1.55,1.02,56.2
dummy_image_0.png,2,62.5,41.0,62.5,0.0,32.5,0.5,0.5,0.5,49.8
dummy_image_0.png,2,21.5,19.0,21.5,5.0,32.5,0.5,0.5,0.5,54.2
dummy_image_0.png,3,38.67,16.0,49.0,7.67,32.33,0.47,0.75,0.65,54.8
dummy_image_0.png,7,39.43,18.0,27.0,10.43,34.0,0.43,2.08,1.29,54.4
dummy_image_0.png,1,59.0,59.0,59.0,20.0,32.0,0.0,0.0,0.0,46.2
dummy_image_0.png,3,27.0,0.0,31.0,30.67,32.33,0.47,0.75,0.65,58.0
dummy_image_0.png,1,27.0,27.0,27.0,21.0,33.0,0.0,0.0,0.0,52.6
dummy_image_0.png,1,38.0,38.0,38.0,28.0,33.0,0.0,0.0,0.0,50.4
dummy_image_0.png,2,40.5,39.0,40.5,40.0,33.5,0.5,0.5,0.5,50.2
dummy_image_0.png,1,54.0,54.0,54.0,45.0,33.0,0.0,0.0,0.0,47.2
dummy_image_0.png,1,24.0,24.0,24.0,56.0,33.0,0.0,0.0,0.0,53.2
dummy_image_0.png,1,16.0,16.0,16.0,1.0,34.0,0.0,0.0,0.0,54.8
dummy_image_0.png,1,75.0,75.0,75.0,3.0,34.0,0.0,0.0,0.0,43.0
dummy_image_0.png,2,53.5,19.0,53.5,6.5,34.0,0.5,0.5,0.5,54.2
dummy_image_0.png,1,34.0,34.0,34.0,12.0,34.0,0.0,0.0,0.0,51.2
dummy_image_0.png,3,42.33,4.0,31.0,14.67,34.67,0.47,0.75,0.65,57.2
dummy_image_0.png,1,14.0,14.0,14.0,30.0,34.0,0.0,0.0,0.0,55.2
dummy_image_0.png,9,36.89,5.0,21.0,48.44,35.11,0.46,2.56,1.45,57.0
dummy_image_0.png,1,68.0,68.0,68.0,52.0,34.0,0.0,0.0,0.0,44.4
dummy_image_0.png,1,87.0,87.0,87.0,5.0,35.0,0.0,0.0,0.0,40.6
dummy_image_0.png,3,62.33,23.0,78.0,7.67,35.67,0.47,0.75,0.65,53.4
dummy_image_0.png,4,40.25,0.0,35.0,16.75,36.0,0.25,1.03,0.77,58.0
dummy_image_0.png,1,57.0,57.0,57.0,41.0,35.0,0.0,0.0,0.0,46.6
dummy_image_0.png,17,43.06,0.0,41.0,52.0,37.65,0.35,4.22,2.13,58.0
dummy_image_0.png,2,20.0,3.0,20.0,56.0,35.5,0.5,0.5,0.5,57.4
dummy_image_0.png,3,60.0,42.0,69.0,58.67,35.67,0.47,0.75,0.65,49.6
dummy_image_0.png,3,37.67,11.0,13.0,61.67,35.33,0.47,0.75,0.65,55.8
dummy_image_0.png,7,55.57,17.0,67.0,2.43,37.71,0.52,2.03,1.26,54.6
dummy_image_0.png,6,45.33,12.0,40.5,23.0,36.17,0.17,2.01,1.17,55.6
dummy_image_0.png,1,4.0,4.0,4.0,27.0,36.0,0.0,0.0,0.0,57.2
dummy_image_0.png,5,72.0,53.0,79.0,36.6,36.2,0.45,1.61,1.0,47.4
dummy_image_0.png,1,84.0,84.0,84.0,40.0,36.0,0.0,0.0,0.0,41.2
dummy_image_0.png,5,65.8,22.0,79.0,41.2,37.2,0.28,1.44,0.96,53.6
dummy_image_0.png,1,77.0,77.0,77.0,45.0,36.0,0.0,0.0,0.0,42.6
dummy_image_0.png,1,98.0,98.0,98.0,5.0,37.0,0.0,0.0,0.0,38.4
dummy_image_0.png,1,96.0,96.0,96.0,10.0,37.0,0.0,0.0,0.0,38.8
dummy_image_0.png,1,81.0,81.0,81.0,12.0,37.0,0.0,0.0,0.0,41.8
dummy_image_0.png,1,75.0,75.0,75.0,14.0,37.0,0.0,0.0,0.0,43.0
dummy_image_0.png,2,40.5,4.0,40.5,28.0,37.5,0.5,0.5,0.5,57.2
dummy_image_0.png,1,92.0,92.0,92.0,30.0,37.0,0.0,0.0,0.0,39.6
dummy_image_0.png,1,10.0,10.0,10.0,32.0,37.0,0.0,0.0,0.0,56.0
dummy_image_0.png,1,60.0,60.0,60.0,48.0,37.0,0.0,0.0,0.0,46.0
dummy_image_0.png,8,59.25,21.0,69.0,58.12,38.25,0.28,1.89,1.15,53.8
dummy_image_0.png,3,52.0,25.0,40.0,8.0,38.0,0.0,1.0,0.67,53.0
dummy_image_0.png,2,47.0,47.0,47.0,15.0,38.5,0.5,0.5,0.5,48.6
dummy_image_0.png,1,33.0,33.0,33.0,19.0,38.0,0.0,0.0,0.0,51.4
dummy_image_0.png,7,43.43,0.0,41.0,22.29,38.86,0.32,1.72,1.12,58.0
dummy_image_0.png,2,48.5,27.0,48.5,25.5,38.0,0.5,0.5,0.5,52.6
dummy_image_0.png,1,39.0,39.0,39.0,31.0,38.0,0.0,0.0,0.0,50.2
dummy_image_0.png,2,82.0,69.0,82.0,33.0,38.5,0.5,0.5,0.5,44.2
dummy_image_0.png,12,36.08,2.0,35.5,46.0,40.0,0.0,3.61,1.92,57.6
dummy_image_0.png,2,68.5,56.0,68.5,62.5,38.0,0.5,0.5,0.5,46.8
dummy_image_0.png,5,39.0,0.0,29.0,0.6,40.0,0.4,1.4,0.95,58.0
dummy_image_0.png,1,19.0,19.0,19.0,13.0,39.0,0.0,0.0,0.0,54.2
dummy_image_0.png,1,4.0,4.0,4.0,18.0,39.0,0.0,0.0,0.0,57.2
dummy_image_0.png,1,93.0,93.0,93.0,30.0,39.0,0.0,0.0,0.0,39.4
dummy_image_0.png,2,46.0,23.0,46.0,36.5,39.0,0.5,0.5,0.5,53.4
dummy_image_0.png,5,51.4,6.0,71.0,6.8,40.4,0.45,1.26,0.85,56.8
dummy_image_0.png,2,42.0,0.0,42.0,10.5,40.0,0.5,0.5,0.5,58.0
dummy_image_0.png,18,55.61,7.0,70.0,15.67,41.83,0.37,3.76,2.02,56.6
dummy_image_0.png,3,84.67,63.0,95.0,28.67,40.33,0.47,0.75,0.65,45.4
dummy_image_0.png,1,72.0,72.0,72.0,32.0,40.0,0.0,0.0,0.0,43.6
dummy_image_0.png,38,42.16,0.0,37.5,41.16,43.95,0.84,6.54,3.06,58.0
dummy_image_0.png,1,83.0,83.0,83.0,55.0,40.0,0.0,0.0,0.0,41.4
dummy_image_0.png,6,66.0,27.0,71.5,60.67,41.83,0.37,1.95,1.18,52.6
dummy_image_0.png,1,81.0,81.0,81.0,20.0,41.0,0.0,0.0,0.0,41.8
dummy_image_0.png,18,36.17,2.0,28.5,24.67,43.72,0.43,3.81,2.08,57.6
dummy_image_0.png,1,42.0,42.0,42.0,25.0,41.0,0.0,0.0,0.0,49.6
dummy_image_0.png,2,77.0,64.0,77.0,33.5,41.0,0.5,0.5,0.5,45.2
dummy_image_0.png,1,61.0,61.0,61.0,39.0,41.0,0.0,0.0,0.0,45.8
dummy_image_0.png,6,45.67,4.0,37.5,53.0,42.5,0.5,1.5,1.04,57.2
dummy_image_0.png,1,90.0,90.0,90.0,62.0,41.0,0.0,0.0,0.0,40.0
dummy_image_0.png,2,17.5,17.0,17.5,1.0,42.5,0.5,0.5,0.5,54.6
dummy_image_0.png,3,40.33,6.0,50.0,4.0,43.0,0.0,1.0,0.67,56.8
dummy_image_0.png,11,47.82,0.0,59.0,6.91,43.91,0.91,2.28,1.55,58.0
dummy_image_0.png,1,91.0,91.0,91.0,10.0,42.0,0.0,0.0,0.0,39.8
dummy_image_0.png,4,68.25,51.0,67.0,30.75,43.25,0.35,1.27,0.87,47.8
dummy_image_0.png,1,36.0,36.0,36.0,35.0,42.0,0.0,0.0,0.0,50.8
dummy_image_0.png,1,42.0,42.0,42.0,38.0,42.0,0.0,0.0,0.0,49.6
dummy_image_0.png,2,37.5,0.0,37.5,55.5,42.0,0.5,0.5,0.5,58.0
dummy_image_0.png,1,26.0,26.0,26.0,49.0,43.0,0.0,0.0,0.0,52.8
dummy_image_0.png,3,65.33,53.0,53.0,10.67,44.33,0.47,0.75,0.65,47.4
dummy_image_0.png,1,81.0,81.0,81.0,17.0,44.0,0.0,0.0,0.0,41.8
dummy_image_0.png,1,29.0,29.0,29.0,19.0,44.0,0.0,0.0,0.0,52.2
dummy_image_0.png,1,65.0,65.0,65.0,51.0,44.0,0.0,0.0,0.0,45.0
dummy_image_0.png,30,45.87,2.0,48.5,2.43,49.27,0.85,4.91,3.06,57.6
dummy_image_0.png,1,92.0,92.0,92.0,9.0,45.0,0.0,0.0,0.0,39.6
dummy_image_0.png,1,9.0,9.0,9.0,13.0,45.0,0.0,0.0,0.0,56.2
dummy_image_0.png,3,49.33,4.0,65.0,20.67,45.33,0.47,0.75,0.65,57.2
dummy_image_0.png,2,58.5,37.0,58.5,49.0,45.5,0.5,0.5,0.5,50.6
dummy_image_0.png,6,40.0,7.0,36.0,52.67,46.0,0.33,1.67,1.14,56.6
dummy_image_0.png,1,39.0,39.0,39.0,55.0,45.0,0.0,0.0,0.0,50.2
dummy_image_0.png,7,61.14,3.0,70.0,59.0,45.57,0.43,2.08,1.17,57.4
dummy_image_0.png,1,86.0,86.0,86.0,62.0,45.0,0.0,0.0,0.0,40.8
dummy_image_0.png,2,71.5,52.0,71.5,14.0,46.5,0.5,0.5,0.5,47.6
dummy_image_0.png,7,37.71,12.0,33.0,17.29,46.71,0.4,1.86,1.16,55.6
dummy_image_0.png,13,43.08,4.0,43.0,29.15,47.54,0.49,2.22,1.49,57.2
dummy_image_0.png,6,49.5,1.0,42.5,33.83,46.67,0.69,1.57,1.13,57.8
dummy_image_0.png,1,44.0,44.0,44.0,43.0,46.0,0.0,0.0,0.0,49.2
dummy_image_0.png,2,46.0,1.0,46.0,45.5,46.0,0.5,0.5,0.5,57.8
dummy_image_0.png,1,55.0,55.0,55.0,56.0,46.0,0.0,0.0,0.0,47.0
dummy_image_0.png,1,86.0,86.0,86.0,63.0,46.0,0.0,0.0,0.0,40.8
dummy_image_0.png,1,71.0,71.0,71.0,12.0,47.0,0.0,0.0,0.0,43.8
dummy_image_0.png,4,46.75,13.0,45.0,23.0,47.5,0.5,1.12,0.81,55.4
dummy_image_0.png,1,3.0,3.0,3.0,44.0,47.0,0.0,0.0,0.0,57.4
dummy_image_0.png,2,65.5,44.0,65.5,47.5,47.0,0.5,0.5,0.5,49.2
dummy_image_0.png,10,45.0,16.0,43.0,56.7,48.8,0.36,2.95,1.66,54.8
dummy_image_0.png,1,77.0,77.0,77.0,62.0,47.0,0.0,0.0,0.0,42.6
dummy_image_0.png,4,55.0,4.0,62.5,9.75,48.25,0.35,1.27,0.87,57.2
dummy_image_0.png,3,55.0,40.0,54.0,20.33,48.33,0.47,0.75,0.65,50.0
dummy_image_0.png,1,91.0,91.0,91.0,39.0,48.0,0.0,0.0,0.0,39.8
dummy_image_0.png,2,47.0,37.0,47.0,43.0,48.5,0.5,0.5,0.5,50.6
dummy_image_0.png,4,54.25,17.0,58.0,50.25,48.25,0.35,1.27,0.87,54.6
dummy_image_0.png,1,43.0,43.0,43.0,7.0,49.0,0.0,0.0,0.0,49.4
dummy_image_0.png,1,45.0,45.0,45.0,12.0,49.0,0.0,0.0,0.0,49.0
dummy_image_0.png,1,77.0,77.0,77.0,14.0,49.0,0.0,0.0,0.0,42.6
dummy_image_0.png,2,44.0,19.0,44.0,22.0,49.5,0.5,0.5,0.5,54.2
dummy_image_0.png,3,73.0,66.0,68.0,35.33,49.67,0.47,0.75,0.65,44.8
dummy_image_0.png,4,33.25,2.0,21.0,46.0,49.5,0.5,1.12,0.81,57.6
dummy_image_0.png,1,50.0,50.0,50.0,61.0,49.0,0.0,0.0,0.0,48.0
dummy_image_0.png,1,23.0,23.0,23.0,63.0,49.0,0.0,0.0,0.0,53.4
dummy_image_0.png,1,0.0,0.0,0.0,4.0,50.0,0.0,0.0,0.0,58.0
dummy_image_0.png,4,39.5,3.0,34.0,16.0,50.5,0.5,1.12,0.81,57.4
dummy_image_0.png,1,25.0,25.0,25.0,25.0,50.0,0.0,0.0,0.0,53.0
dummy_image_0.png,1,18.0,18.0,18.0,31.0,50.0,0.0,0.0,0.0,54.4
dummy_image_0.png,6,38.5,8.0,43.5,38.33,50.83,0.37,1.34,0.95,56.4
dummy_image_0.png,2,60.0,22.0,60.0,41.5,50.0,0.5,0.5,0.5,53.6
dummy_image_0.png,1,30.0,30.0,30.0,49.0,50.0,0.0,0.0,0.0,52.0
dummy_image_0.png,9,50.33,2.0,52.0,53.44,51.89,0.46,2.56,1.6,57.6
dummy_image_0.png,5,74.6,45.0,79.0,13.0,52.0,0.0,1.0,0.8,49.0
dummy_image_0.png,12,34.25,1.0,30.5,18.58,52.75,0.49,2.75,1.64,57.8
dummy_image_0.png,3,47.0,5.0,64.0,23.33,51.67,0.47,0.75,0.65,57.0
dummy_image_0.png,24,40.21,0.0,39.5,30.75,53.21,0.33,6.39,3.24,58.0
dummy_image_0.png,9,45.33,1.0,35.0,43.22,52.22,0.31,2.35,1.47,57.8
dummy_image_0.png,2,81.5,72.0,81.5,47.5,51.0,0.5,0.5,0.5,43.6
dummy_image_0.png,15,57.67,18.0,60.0,59.13,53.07,1.07,3.63,2.01,54.4
dummy_image_0.png,1,49.0,49.0,49.0,8.0,52.0,0.0,0.0,0.0,48.2
dummy_image_0.png,4,48.75,34.0,49.5,9.5,54.0,0.5,1.12,0.81,51.2
dummy_image_0.png,1,20.0,20.0,20.0,11.0,53.0,0.0,0.0,0.0,54.0
dummy_image_0.png,2,76.5,66.0,76.5,25.0,53.5,0.5,0.5,0.5,44.8
dummy_image_0.png,1,26.0,26.0,26.0,7.0,54.0,0.0,0.0,0.0,52.8
dummy_image_0.png,1,66.0,66.0,66.0,12.0,54.0,0.0,0.0,0.0,44.8
dummy_image_0.png,1,46.0,46.0,46.0,21.0,54.0,0.0,0.0,0.0,48.8
dummy_image_0.png,3,34.67,0.0,28.0,23.33,54.67,0.47,0.75,0.65,58.0
dummy_image_0.png,1,75.0,75.0,75.0,39.0,54.0,0.0,0.0,0.0,43.0
dummy_image_0.png,14,47.21,0.0,42.0,45.64,56.71,0.46,2.94,1.77,58.0
dummy_image_0.png,17,55.76,13.0,56.0,50.24,57.82,0.29,3.83,2.3,55.4
dummy_image_0.png,6,48.17,7.0,60.0,53.83,54.83,0.24,1.18,0.91,56.6
dummy_image_0.png,1,15.0,15.0,15.0,63.0,54.0,0.0,0.0,0.0,55.0
dummy_image_0.png,2,60.5,38.0,60.5,0.5,55.0,0.5,0.5,0.5,50.4
dummy_image_0.png,6,47.67,1.0,53.0,18.33,56.83,0.37,2.19,1.28,57.8
dummy_image_0.png,1,66.0,66.0,66.0,30.0,55.0,0.0,0.0,0.0,44.8
dummy_image_0.png,4,68.0,30.0,72.0,42.25,56.0,0.25,1.03,0.77,52.0
dummy_image_0.png,1,72.0,72.0,72.0,62.0,55.0,0.0,0.0,0.0,43.6
dummy_image_0.png,1,85.0,85.0,85.0,4.0,56.0,0.0,0.0,0.0,41.0
dummy_image_0.png,20,41.05,0.0,32.0,8.0,59.8,1.02,4.1,2.65,58.0
dummy_image_0.png,1,3.0,3.0,3.0,9.0,56.0,0.0,0.0,0.0,57.4
dummy_image_0.png,4,53.0,26.0,55.5,15.25,56.25,0.35,1.27,0.87,52.8
dummy_image_0.png,1,86.0,86.0,86.0,28.0,56.0,0.0,0.0,0.0,40.8
dummy_image_0.png,12,44.58,2.0,51.5,35.0,57.83,0.17,2.32,1.5,57.6
dummy_image_0.png,3,76.33,38.0,92.0,38.67,56.67,0.47,0.75,0.65,50.4
dummy_image_0.png,1,40.0,40.0,40.0,11.0,57.0,0.0,0.0,0.0,50.0
dummy_image_0.png,1,22.0,22.0,22.0,22.0,57.0,0.0,0.0,0.0,53.6
dummy_image_0.png,8,47.25,0.0,39.5,29.88,57.88,0.18,2.3,1.26,58.0
dummy_image_0.png,2,53.0,36.0,53.0,55.5,57.0,0.5,0.5,0.5,50.8
dummy_image_0.png,2,40.0,7.0,40.0,60.5,57.0,0.5,0.5,0.5,56.6
dummy_image_0.png,6,50.0,28.0,48.5,1.33,59.0,0.33,1.67,1.14,52.4
dummy_image_0.png,3,64.0,41.0,70.0,12.33,58.67,0.47,0.75,0.65,49.8
dummy_image_0.png,6,70.0,50.0,74.0,14.83,59.0,0.17,1.3,0.99,48.0
dummy_image_0.png,13,55.08,1.0,66.0,20.77,60.31,0.38,2.8,1.68,57.8
dummy_image_0.png,1,86.0,86.0,86.0,23.0,58.0,0.0,0.0,0.0,40.8
dummy_image_0.png,5,49.6,4.0,64.0,25.2,58.6,0.45,1.26,0.85,57.2
dummy_image_0.png,1,7.0,7.0,7.0,41.0,58.0,0.0,0.0,0.0,56.6
dummy_image_0.png,3,40.33,4.0,49.0,39.33,59.33,0.47,0.75,0.65,57.2
dummy_image_0.png,1,24.0,24.0,24.0,55.0,59.0,0.0,0.0,0.0,53.2
dummy_image_0.png,1,71.0,71.0,71.0,58.0,59.0,0.0,0.0,0.0,43.8
dummy_image_0.png,1,61.0,61.0,61.0,62.0,59.0,0.0,0.0,0.0,45.8
dummy_image_0.png,1,66.0,66.0,66.0,28.0,60.0,0.0,0.0,0.0,44.8
dummy_image_0.png,4,30.0,14.0,18.5,37.5,61.0,0.5,1.12,0.81,55.2
dummy_image_0.png,1,81.0,81.0,81.0,42.0,60.0,0.0,0.0,0.0,41.8
dummy_image_0.png,1,62.0,62.0,62.0,44.0,60.0,0.0,0.0,0.0,45.6
dummy_image_0.png,1,1.0,1.0,1.0,54.0,60.0,0.0,0.0,0.0,57.8
dummy_image_0.png,2,80.5,76.0,80.5,60.5,60.0,0.5,0.5,0.5,42.8
dummy_image_0.png,3,85.33,80.0,86.0,0.67,61.33,0.47,0.75,0.65,42.0
dummy_image_0.png,1,46.0,46.0,46.0,16.0,61.0,0.0,0.0,0.0,48.8
dummy_image_0.png,3,34.33,7.0,29.0,25.33,61.67,0.47,0.75,0.65,56.6
dummy_image_0.png,1,0.0,0.0,0.0,27.0,61.0,0.0,0.0,0.0,58.0
dummy_image_0.png,3,36.67,8.0,42.0,34.0,62.0,0.0,1.0,0.67,56.4
dummy_image_0.png,3,21.67,3.0,10.0,40.33,61.33,0.47,0.75,0.65,57.4
dummy_image_0.png,8,55.0,4.0,60.0,52.25,62.12,0.28,1.96,1.25,57.2
dummy_image_0.png,1,56.0,56.0,56.0,55.0,61.0,0.0,0.0,0.0,46.8
dummy_image_0.png,3,49.67,3.0,47.0,12.67,62.67,0.47,0.75,0.65,57.4
dummy_image_0.png,1,25.0,25.0,25.0,23.0,62.0,0.0,0.0,0.0,53.0
dummy_image_0.png,1,54.0,54.0,54.0,28.0,62.0,0.0,0.0,0.0,47.2
dummy_image_0.png,1,80.0,80.0,80.0,31.0,62.0,0.0,0.0,0.0,42.0
dummy_image_0.png,4,35.5,14.0,34.5,42.75,62.25,0.35,1.27,0.87,55.2
dummy_image_0.png,3,55.67,13.0,73.0,56.67,62.67,0.47,0.75,0.65,55.4
dummy_image_0.png,3,32.67,15.0,25.0,60.0,62.0,0.0,1.0,0.67,55.0
dummy_image_0.png,1,86.0,86.0,86.0,63.0,62.0,0.0,0.0,0.0,40.8
dummy_image_0.png,2,29.0,2.0,29.0,3.5,63.0,0.5,0.5,0.5,57.6
dummy_image_0.png,3,43.0,2.0,58.0,16.0,63.0,0.0,1.0,0.67,57.6
dummy_image_0.png,1,98.0,98.0,98.0,22.0,63.0,0.0,0.0,0.0,38.4
dummy_image_0.png,1,29.0,29.0,29.0,29.0,63.0,0.0,0.0,0.0,52.2
dummy_image_0.png,1,85.0,85.0,85.0,32.0,63.0,0.0,0.0,0.0,41.0
dummy_image_0.png,1,33.0,33.0,33.0,37.0,63.0,0.0,0.0,0.0,51.4
dummy_image_0.png,1,88.0,88.0,88.0,39.0,63.0,0.0,0.0,0.0,40.4
dummy_image_0.png,1,69.0,69.0,69.0,46.0,63.0,0.0,0.0,0.0,44.2
dummy_image_0.png,1,9.0,9.0,9.0,48.0,63.0,0.0,0.0,0.0,56.2
dummy_image_0.png,1,18.0,18.0,18.0,62.0,63.0,0.0,0.0,0.0,54.4
dummy_image_1.png,11,62.82,23.0,66.0,0.55,2.45,0.71,2.85,1.82,53.4
dummy_image_1.png,1,51.0,51.0,51.0,5.0,0.0,0.0,0.0,0.0,47.8
dummy_image_1.png,6,58.0,2.0,65.0,8.0,0.83,0.17,1.54,0.98,57.6
dummy_image_1.png,7,28.86,2.0,22.0,11.86,1.57,0.45,1.79,1.17,57.6
dummy_image_1.png,4,44.5,12.0,39.5,16.5,0.0,0.5,1.5,1.0,55.6
dummy_image_1.png,18,33.78,2.0,35.5,23.39,2.33,0.7,3.34,2.09,57.6
dummy_image_1.png,15,45.27,4.0,41.0,28.6,2.07,0.6,3.32,1.93,57.2
dummy_image_1.png,2,49.0,12.0,49.0,31.5,0.0,0.5,0.5,0.5,55.6
dummy_image_1.png,1,74.0,74.0,74.0,38.0,0.0,0.0,0.0,0.0,43.2
dummy_image_1.png,5,49.4,11.0,53.0,40.4,1.4,0.72,1.52,1.07,55.8
dummy_image_1.png,2,48.5,31.0,48.5,46.5,0.0,0.5,0.5,0.5,51.8
dummy_image_1.png,15,51.8,5.0,45.0,54.93,0.93,0.09,5.02,2.69,57.0
dummy_image_1.png,1,41.0,41.0,41.0,59.0,0.0,0.0,0.0,0.0,49.8
dummy_image_1.png,4,29.0,12.0,28.0,62.25,0.75,0.35,1.27,0.87,55.6
dummy_image_1.png,1,39.0,39.0,39.0,3.0,1.0,0.0,0.0,0.0,50.2
dummy_image_1.png,2,46.0,24.0,46.0,34.0,1.5,0.5,0.5,0.5,53.2
dummy_image_1.png,1,69.0,69.0,69.0,49.0,1.0,0.0,0.0,0.0,44.2
dummy_image_1.png,1,76.0,76.0,76.0,5.0,2.0,0.0,0.0,0.0,42.8
dummy_image_1.png,8,41.5,0.0,42.0,18.88,2.88,0.18,1.43,1.04,58.0
dummy_image_1.png,4,51.75,6.0,52.0,44.75,3.0,0.25,1.03,0.77,56.8
dummy_image_1.png,2,25.5,24.0,25.5,47.0,2.5,0.5,0.5,0.5,53.2
dummy_image_1.png,1,78.0,78.0,78.0,52.0,2.0,0.0,0.0,0.0,42.4
dummy_image_1.png,1,14.0,14.0,14.0,6.0,3.0,0.0,0.0,0.0,55.2
dummy_image_1.png,1,49.0,49.0,49.0,14.0,3.0,0.0,0.0,0.0,48.2
dummy_image_1.png,1,74.0,74.0,74.0,16.0,3.0,0.0,0.0,0.0,43.2
dummy_image_1.png,1,25.0,25.0,25.0,33.0,3.0,0.0,0.0,0.0,53.0
dummy_image_1.png,4,68.0,23.0,75.0,35.25,3.75,0.35,1.27,0.87,53.4
dummy_image_1.png,1,98.0,98.0,98.0,42.0,3.0,0.0,0.0,0.0,38.4
dummy_image_1.png,2,51.0,51.0,51.0,54.5,3.0,0.5,0.5,0.5,47.8
dummy_image_1.png,5,35.2,8.0,27.0,61.2,4.0,0.2,1.28,0.9,56.4
dummy_image_1.png,4,52.5,1.0,57.5,3.25,5.25,0.35,1.27,0.87,57.8
dummy_image_1.png,1,0.0,0.0,0.0,5.0,4.0,0.0,0.0,0.0,58.0
dummy_image_1.png,4,29.0,2.0,27.5,9.0,5.5,0.5,1.5,1.0,57.6
dummy_image_1.png,4,45.75,8.0,50.0,38.25,5.0,0.25,1.03,0.77,56.4
dummy_image_1.png,1,17.0,17.0,17.0,43.0,4.0,0.0,0.0,0.0,54.6
dummy_image_1.png,1,67.0,67.0,67.0,48.0,4.0,0.0,0.0,0.0,44.6
dummy_image_1.png,2,12.5,8.0,12.5,50.0,4.5,0.5,0.5,0.5,56.4
dummy_image_1.png,5,42.2,17.0,35.0,53.4,4.6,0.57,1.65,1.04,54.6
dummy_image_1.png,2,72.0,60.0,72.0,56.5,4.0,0.5,0.5,0.5,46.0
dummy_image_1.png,4,43.5,4.0,36.0,12.25,5.75,0.35,1.27,0.87,57.2
dummy_image_1.png,1,44.0,44.0,44.0,17.0,5.0,0.0,0.0,0.0,49.2
dummy_image_1.png,1,45.0,45.0,45.0,20.0,5.0,0.0,0.0,0.0,49.0
dummy_image_1.png,1,90.0,90.0,90.0,32.0,5.0,0.0,0.0,0.0,40.0
dummy_image_1.png,3,76.0,68.0,69.0,41.33,5.33,0.47,0.75,0.65,44.4
dummy_image_1.png,7,56.71,14.0,50.0,28.71,6.71,0.4,2.39,1.38,55.2
dummy_image_1.png,1,62.0,62.0,62.0,34.0,6.0,0.0,0.0,0.0,45.6
dummy_image_1.png,4,66.75,16.0,81.0,44.5,7.0,0.5,1.12,0.81,54.8
dummy_image_1.png,6,33.83,8.0,29.0,48.33,6.67,0.47,1.7,1.12,56.4
dummy_image_1.png,1,14.0,14.0,14.0,57.0,6.0,0.0,0.0,0.0,55.2
dummy_image_1.png,6,59.67,27.0,68.5,2.0,8.83,0.17,1.83,1.09,52.6
dummy_image_1.png,1,22.0,22.0,22.0,7.0,7.0,0.0,0.0,0.0,53.6
dummy_image_1.png,2,21.0,9.0,21.0,20.0,7.5,0.5,0.5,0.5,56.2
dummy_image_1.png,2,43.5,36.0,43.5,22.0,7.5,0.5,0.5,0.5,50.8
dummy_image_1.png,1,68.0,68.0,68.0,24.0,7.0,0.0,0.0,0.0,44.4
dummy_image_1.png,5,50.8,36.0,54.0,34.8,8.6,0.45,1.61,1.0,50.8
dummy_image_1.png,2,62.5,30.0,62.5,37.0,7.5,0.5,0.5,0.5,52.0
dummy_image_1.png,1,32.0,32.0,32.0,39.0,7.0,0.0,0.0,0.0,51.6
dummy_image_1.png,31,54.19,0.0,55.0,56.0,9.58,0.42,6.03,3.13,58.0
dummy_image_1.png,1,12.0,12.0,12.0,62.0,7.0,0.0,0.0,0.0,55.6
dummy_image_1.png,2,48.5,20.0,48.5,6.0,8.5,0.5,0.5,0.5,54.0
dummy_image_1.png,8,59.25,4.0,69.0,8.62,9.12,0.4,1.85,1.17,57.2
dummy_image_1.png,6,53.5,31.0,49.5,14.17,9.33,0.37,1.86,1.18,51.8
dummy_image_1.png,1,36.0,36.0,36.0,17.0,8.0,0.0,0.0,0.0,50.8
dummy_image_1.png,1,90.0,90.0,90.0,25.0,8.0,0.0,0.0,0.0,40.0
dummy_image_1.png,4,29.5,12.0,28.0,31.0,8.5,0.5,1.12,0.81,55.6
dummy_image_1.png,8,33.0,0.0,29.0,42.12,9.75,0.28,2.25,1.38,58.0
dummy_image_1.png,1,7.0,7.0,7.0,63.0,8.0,0.0,0.0,0.0,56.6
dummy_image_1.png,1,33.0,33.0,33.0,0.0,9.0,0.0,0.0,0.0,51.4
dummy_image_1.png,4,41.5,13.0,33.0,23.75,10.0,0.25,1.03,0.77,55.4
dummy_image_1.png,2,56.5,36.0,56.5,28.0,9.5,0.5,0.5,0.5,50.8
dummy_image_1.png,1,41.0,41.0,41.0,39.0,9.0,0.0,0.0,0.0,49.8
dummy_image_1.png,10,59.1,14.0,65.5,48.7,10.6,0.5,3.14,1.84,55.2
dummy_image_1.png,11,49.36,12.0,62.0,4.0,12.0,0.0,3.0,1.57,55.6
dummy_image_1.png,1,84.0,84.0,84.0,37.0,10.0,0.0,0.0,0.0,41.2
dummy_image_1.png,2,42.5,19.0,42.5,63.0,10.5,0.5,0.5,0.5,54.2
dummy_image_1.png,4,71.5,54.0,73.0,11.0,11.25,0.25,1.03,0.77,47.2
dummy_image_1.png,12,36.83,3.0,27.5,16.92,14.58,0.59,3.58,1.93,57.4
dummy_image_1.png,1,74.0,74.0,74.0,21.0,11.0,0.0,0.0,0.0,43.2
dummy_image_1.png,2,49.0,19.0,49.0,29.0,11.5,0.5,0.5,0.5,54.2
dummy_image_1.png,1,19.0,19.0,19.0,31.0,11.0,0.0,0.0,0.0,54.2
dummy_image_1.png,1,77.0,77.0,77.0,34.0,11.0,0.0,0.0,0.0,42.6
dummy_image_1.png,1,11.0,11.0,11.0,40.0,11.0,0.0,0.0,0.0,55.8
dummy_image_1.png,3,51.67,37.0,44.0,45.67,11.33,0.47,0.75,0.65,50.6
dummy_image_1.png,1,43.0,43.0,43.0,61.0,11.0,0.0,0.0,0.0,49.4
dummy_image_1.png,3,37.33,6.0,31.0,8.33,12.33,0.47,0.75,0.65,56.8
dummy_image_1.png,2,45.5,15.0,45.5,13.5,12.0,0.5,0.5,0.5,55.0
dummy_image_1.png,2,40.0,15.0,40.0,19.5,12.0,0.5,0.5,0.5,55.0
dummy_image_1.png,3,30.67,3.0,40.0,22.33,12.33,0.47,0.75,0.65,57.4
dummy_image_1.png,3,53.67,9.0,71.0,26.67,12.33,0.47,0.75,0.65,56.2
dummy_image_1.png,4,63.0,35.0,65.0,37.5,12.0,0.5,1.5,1.0,51.0
dummy_image_1.png,1,48.0,48.0,48.0,48.0,12.0,0.0,0.0,0.0,48.4
dummy_image_1.png,1,0.0,0.0,0.0,58.0,12.0,0.0,0.0,0.0,58.0
dummy_image_1.png,1,36.0,36.0,36.0,60.0,12.0,0.0,0.0,0.0,50.8
dummy_image_1.png,1,59.0,59.0,59.0,0.0,13.0,0.0,0.0,0.0,46.2
dummy_image_1.png,8,58.38,14.0,71.0,12.25,14.38,0.45,1.86,1.11,55.2
dummy_image_1.png,1,92.0,92.0,92.0,25.0,13.0,0.0,0.0,0.0,39.6
dummy_image_1.png,3,54.0,14.0,73.0,31.67,13.33,0.47,0.75,0.65,55.2
dummy_image_1.png,2,27.0,12.0,27.0,35.0,13.5,0.5,0.5,0.5,55.6
dummy_image_1.png,9,56.33,9.0,64.0,46.0,14.0,0.0,2.0,1.3,56.2
dummy_image_1.png,5,45.6,5.0,57.0,52.0,14.2,0.2,1.28,0.9,57.0
dummy_image_1.png,10,48.4,17.0,36.5,57.7,14.7,0.42,3.0,1.62,54.6
dummy_image_1.png,1,90.0,90.0,90.0,1.0,14.0,0.0,0.0,0.0,40.0
dummy_image_1.png,1,62.0,62.0,62.0,9.0,14.0,0.0,0.0,0.0,45.6
dummy_image_1.png,1,23.0,23.0,23.0,21.0,14.0,0.0,0.0,0.0,53.4
dummy_image_1.png,1,3.0,3.0,3.0,26.0,14.0,0.0,0.0,0.0,57.4
dummy_image_1.png,2,65.5,41.0,65.5,28.0,14.5,0.5,0.5,0.5,49.8
dummy_image_1.png,1,58.0,58.0,58.0,38.0,14.0,0.0,0.0,0.0,46.4
dummy_image_1.png,40,52.62,0.0,57.5,42.25,21.88,0.28,8.19,4.06,58.0
dummy_image_1.png,6,43.17,3.0,47.0,7.33,15.83,0.37,1.34,0.95,57.4
dummy_image_1.png,1,28.0,28.0,28.0,19.0,15.0,0.0,0.0,0.0,52.4
dummy_image_1.png,6,51.83,16.0,49.0,21.67,16.17,0.37,1.95,1.18,54.8
dummy_image_1.png,8,27.38,10.0,18.5,30.62,16.38,0.53,1.74,1.24,56.0
dummy_image_1.png,12,42.75,3.0,41.0,36.75,16.42,0.49,3.3,1.96,57.4
dummy_image_1.png,1,93.0,93.0,93.0,50.0,15.0,0.0,0.0,0.0,39.4
dummy_image_1.png,11,57.45,0.0,56.0,61.18,17.0,0.82,2.32,1.57,58.0
dummy_image_1.png,1,11.0,11.0,11.0,1.0,16.0,0.0,0.0,0.0,55.8
dummy_image_1.png,8,44.5,0.0,47.0,10.0,18.88,0.12,2.88,1.5,58.0
dummy_image_1.png,1,56.0,56.0,56.0,26.0,16.0,0.0,0.0,0.0,46.8
dummy_image_1.png,1,47.0,47.0,47.0,46.0,16.0,0.0,0.0,0.0,48.6
dummy_image_1.png,3,66.0,17.0,82.0,48.67,16.33,0.47,0.75,0.65,54.6
dummy_image_1.png,1,77.0,77.0,77.0,51.0,16.0,0.0,0.0,0.0,42.6
dummy_image_1.png,1,60.0,60.0,60.0,5.0,17.0,0.0,0.0,0.0,46.0
dummy_image_1.png,2,49.5,38.0,49.5,24.5,17.0,0.5,0.5,0.5,50.4
dummy_image_1.png,17,57.65,12.0,64.0,32.24,20.59,0.47,3.67,1.88,55.6
dummy_image_1.png,3,39.33,12.0,30.0,47.33,17.67,0.47,0.75,0.65,55.6
dummy_image_1.png,1,70.0,70.0,70.0,52.0,17.0,0.0,0.0,0.0,44.0
dummy_image_1.png,12,50.25,2.0,52.5,57.0,19.42,0.42,2.62,1.6,57.6
dummy_image_1.png,1,14.0,14.0,14.0,3.0,18.0,0.0,0.0,0.0,55.2
dummy_image_1.png,4,33.0,3.0,24.0,6.0,18.5,0.5,1.12,0.81,57.4
dummy_image_1.png,3,29.67,7.0,29.0,12.67,18.67,0.47,0.75,0.65,56.6
dummy_image_1.png,1,43.0,43.0,43.0,15.0,18.0,0.0,0.0,0.0,49.4
dummy_image_1.png,3,83.33,73.0,81.0,17.0,19.0,0.0,1.0,0.67,43.4
dummy_image_1.png,4,28.5,16.0,22.0,27.5,19.0,0.5,1.12,0.81,54.8
dummy_image_1.png,7,53.43,16.0,59.0,37.86,20.0,0.14,2.01,1.12,54.8
dummy_image_1.png,1,88.0,88.0,88.0,53.0,18.0,0.0,0.0,0.0,40.4
dummy_image_1.png,2,44.0,44.0,44.0,0.0,19.5,0.5,0.5,0.5,49.2
dummy_image_1.png,1,32.0,32.0,32.0,20.0,19.0,0.0,0.0,0.0,51.6
dummy_image_1.png,1,53.0,53.0,53.0,22.0,19.0,0.0,0.0,0.0,47.4
dummy_image_1.png,3,58.67,20.0,71.0,25.33,19.67,0.47,0.75,0.65,54.0
dummy_image_1.png,1,92.0,92.0,92.0,30.0,19.0,0.0,0.0,0.0,39.6
dummy_image_1.png,1,20.0,20.0,20.0,45.0,19.0,0.0,0.0,0.0,54.0
dummy_image_1.png,4,65.0,45.0,62.0,51.0,19.25,0.25,1.03,0.77,49.0
dummy_image_1.png,3,60.67,45.0,62.0,2.33,20.67,0.47,0.75,0.65,49.0
dummy_image_1.png,1,85.0,85.0,85.0,14.0,20.0,0.0,0.0,0.0,41.0
dummy_image_1.png,1,66.0,66.0,66.0,19.0,20.0,0.0,0.0,0.0,44.8
dummy_image_1.png,1,26.0,26.0,26.0,23.0,20.0,0.0,0.0,0.0,52.8
dummy_image_1.png,2,70.5,48.0,70.5,35.0,20.5,0.5,0.5,0.5,48.4
dummy_image_1.png,1,53.0,53.0,53.0,46.0,20.0,0.0,0.0,0.0,47.4
dummy_image_1.png,1,34.0,34.0,34.0,54.0,20.0,0.0,0.0,0.0,51.2
dummy_image_1.png,1,52.0,52.0,52.0,59.0,20.0,0.0,0.0,0.0,47.6
dummy_image_1.png,2,49.5,43.0,49.5,61.0,20.5,0.5,0.5,0.5,49.4
dummy_image_1.png,1,8.0,8.0,8.0,6.0,21.0,0.0,0.0,0.0,56.4
dummy_image_1.png,1,33.0,33.0,33.0,12.0,21.0,0.0,0.0,0.0,51.4
dummy_image_1.png,1,79.0,79.0,79.0,15.0,21.0,0.0,0.0,0.0,42.2
dummy_image_1.png,1,23.0,23.0,23.0,18.0,21.0,0.0,0.0,0.0,53.4
dummy_image_1.png,1,59.0,59.0,59.0,22.0,21.0,0.0,0.0,0.0,46.2
dummy_image_1.png,1,88.0,88.0,88.0,24.0,21.0,0.0,0.0,0.0,40.4
dummy_image_1.png,4,49.5,25.0,50.0,48.0,21.5,0.5,1.12,0.81,53.0
dummy_image_1.png,1,95.0,95.0,95.0,63.0,21.0,0.0,0.0,0.0,39.0
dummy_image_1.png,3,43.67,19.0,32.0,0.67,22.67,0.47,0.75,0.65,54.2
dummy_image_1.png,6,47.5,9.0,48.5,4.0,23.33,0.33,1.67,1.14,56.2
dummy_image_1.png,5,46.8,18.0,46.0,8.0,24.0,0.0,2.0,1.2,54.4
dummy_image_1.png,1,22.0,22.0,22.0,11.0,22.0,0.0,0.0,0.0,53.6
dummy_image_1.png,19,45.16,3.0,40.0,20.32,25.05,0.32,5.29,2.78,57.4
dummy_image_1.png,1,45.0,45.0,45.0,21.0,22.0,0.0,0.0,0.0,49.0
dummy_image_1.png,2,84.0,73.0,84.0,23.0,22.5,0.5,0.5,0.5,43.4
dummy_image_1.png,3,58.67,18.0,72.0,25.33,22.67,0.47,0.75,0.65,54.4
dummy_image_1.png,7,51.57,9.0,51.0,51.71,22.86,0.32,2.16,1.31,56.2
dummy_image_1.png,1,42.0,42.0,42.0,60.0,22.0,0.0,0.0,0.0,49.6
dummy_image_1.png,8,63.25,13.0,67.5,62.38,24.38,0.53,2.4,1.26,55.4
dummy_image_1.png,1,91.0,91.0,91.0,35.0,23.0,0.0,0.0,0.0,39.8
dummy_image_1.png,1,49.0,49.0,49.0,49.0,23.0,0.0,0.0,0.0,48.2
dummy_image_1.png,1,22.0,22.0,22.0,55.0,23.0,0.0,0.0,0.0,53.6
dummy_image_1.png,1,42.0,42.0,42.0,10.0,24.0,0.0,0.0,0.0,49.6
dummy_image_1.png,5,47.2,19.0,42.0,13.0,24.8,0.2,1.28,0.9,54.2
dummy_image_1.png,2,21.5,21.0,21.5,15.5,24.0,0.5,0.5,0.5,53.8
dummy_image_1.png,3,48.33,27.0,53.0,22.33,24.67,0.47,0.75,0.65,52.6
dummy_image_1.png,3,42.0,16.0,53.0,26.67,24.67,0.47,0.75,0.65,54.8
dummy_image_1.png,6,50.83,26.0,45.5,34.17,25.33,0.37,1.86,1.18,52.8
dummy_image_1.png,1,65.0,65.0,65.0,59.0,24.0,0.0,0.0,0.0,45.0
dummy_image_1.png,1,86.0,86.0,86.0,6.0,25.0,0.0,0.0,0.0,40.8
dummy_image_1.png,4,81.0,56.0,84.5,17.25,25.75,0.35,1.27,0.87,46.8
dummy_image_1.png,16,54.62,12.0,52.0,30.88,27.62,0.4,2.86,1.87,55.6
dummy_image_1.png,6,60.83,21.0,59.5,38.17,25.83,0.24,1.43,1.05,53.8
dummy_image_1.png,3,18.33,6.0,16.0,47.33,25.67,0.47,0.75,0.65,56.8
dummy_image_1.png,1,40.0,40.0,40.0,54.0,25.0,0.0,0.0,0.0,50.0
dummy_image_1.png,15,59.73,2.0,64.0,58.13,26.53,0.55,3.22,2.01,57.6
dummy_image_1.png,1,52.0,52.0,52.0,2.0,26.0,0.0,0.0,0.0,47.6
dummy_image_1.png,2,49.0,2.0,49.0,5.0,26.5,0.5,0.5,0.5,57.6
dummy_image_1.png,14,48.07,0.0,46.0,10.36,29.07,0.36,3.14,1.78,58.0
dummy_image_1.png,1,74.0,74.0,74.0,28.0,26.0,0.0,0.0,0.0,43.2
dummy_image_1.png,10,60.5,2.0,72.0,50.2,28.6,0.45,2.72,1.54,57.6
dummy_image_1.png,1,50.0,50.0,50.0,7.0,27.0,0.0,0.0,0.0,48.0
dummy_image_1.png,3,44.33,23.0,24.0,1.33,28.33,0.47,0.75,0.65,53.4
dummy_image_1.png,14,52.43,1.0,66.0,17.07,30.0,0.93,3.23,1.97,57.8
dummy_image_1.png,1,91.0,91.0,91.0,26.0,28.0,0.0,0.0,0.0,39.8
dummy_image_1.png,1,34.0,34.0,34.0,46.0,28.0,0.0,0.0,0.0,51.2
dummy_image_1.png,3,60.67,44.0,63.0,63.0,29.0,0.0,1.0,0.67,49.2
dummy_image_1.png,7,61.57,33.0,59.0,5.14,29.43,0.45,2.19,1.2,51.4
dummy_image_1.png,1,58.0,58.0,58.0,20.0,29.0,0.0,0.0,0.0,46.4
dummy_image_1.png,1,71.0,71.0,71.0,23.0,29.0,0.0,0.0,0.0,43.8
dummy_image_1.png,5,28.8,13.0,34.0,25.2,30.0,0.2,1.28,0.9,55.4
dummy_image_1.png,1,12.0,12.0,12.0,27.0,29.0,0.0,0.0,0.0,55.6
dummy_image_1.png,2,74.0,53.0,74.0,35.5,29.0,0.5,0.5,0.5,47.4
dummy_image_1.png,1,56.0,56.0,56.0,40.0,29.0,0.0,0.0,0.0,46.8
dummy_image_1.png,5,53.2,3.0,51.0,59.2,30.2,0.28,1.44,0.96,57.4
dummy_image_1.png,1,3.0,3.0,3.0,0.0,30.0,0.0,0.0,0.0,57.4
dummy_image_1.png,1,45.0,45.0,45.0,2.0,30.0,0.0,0.0,0.0,49.0
dummy_image_1.png,1,98.0,98.0,98.0,13.0,30.0,0.0,0.0,0.0,38.4
dummy_image_1.png,1,10.0,10.0,10.0,21.0,30.0,0.0,0.0,0.0,56.0
dummy_image_1.png,10,37.0,2.0,33.5,28.2,32.2,0.28,2.81,1.59,57.6
dummy_image_1.png,1,55.0,55.0,55.0,39.0,30.0,0.0,0.0,0.0,47.0
dummy_image_1.png,3,47.0,24.0,35.0,42.67,30.33,0.47,0.75,0.65,53.2
dummy_image_1.png,1,55.0,55.0,55.0,46.0,30.0,0.0,0.0,0.0,47.0
dummy_image_1.png,1,83.0,83.0,83.0,52.0,30.0,0.0,0.0,0.0,41.4
dummy_image_1.png,1,88.0,88.0,88.0,57.0,30.0,0.0,0.0,0.0,40.4
dummy_image_1.png,1,63.0,63.0,63.0,3.0,31.0,0.0,0.0,0.0,45.4
dummy_image_1.png,1,9.0,9.0,9.0,14.0,31.0,0.0,0.0,0.0,56.2
dummy_image_1.png,1,5.0,5.0,5.0,22.0,31.0,0.0,0.0,0.0,57.0
dummy_image_1.png,3,94.33,90.0,94.0,33.67,31.33,0.47,0.75,0.65,40.0
dummy_image_1.png,3,56.0,42.0,56.0,40.33,31.33,0.47,0.75,0.65,49.6
dummy_image_1.png,10,52.1,7.0,59.5,47.5,33.0,0.5,2.06,1.32,56.6
dummy_image_1.png,1,68.0,68.0,68.0,56.0,31.0,0.0,0.0,0.0,44.4
dummy_image_1.png,4,64.0,10.0,76.5,5.0,32.5,0.5,1.12,0.81,56.0
dummy_image_1.png,2,9.5,6.0,9.5,15.5,32.0,0.5,0.5,0.5,56.8
dummy_image_1.png,2,60.5,53.0,60.5,21.0,32.5,0.5,0.5,0.5,47.4
dummy_image_1.png,2,39.0,16.0,39.0,23.5,32.0,0.5,0.5,0.5,54.8
dummy_image_1.png,5,46.4,26.0,46.0,37.4,32.6,0.57,1.65,1.04,52.8
dummy_image_1.png,3,59.0,37.0,68.0,44.67,32.33,0.47,0.75,0.65,50.6
dummy_image_1.png,1,92.0,92.0,92.0,51.0,32.0,0.0,0.0,0.0,39.6
dummy_image_1.png,1,66.0,66.0,66.0,53.0,32.0,0.0,0.0,0.0,44.8
dummy_image_1.png,6,34.5,4.0,29.0,61.33,33.17,0.37,1.95,1.18,57.2
dummy_image_1.png,1,55.0,55.0,55.0,1.0,33.0,0.0,0.0,0.0,47.0
dummy_image_1.png,19,43.32,1.0,42.0,9.84,35.32,0.35,3.91,1.95,57.8
dummy_image_1.png,1,2.0,2.0,2.0,14.0,33.0,0.0,0.0,0.0,57.6
dummy_image_1.png,1,13.0,13.0,13.0,35.0,33.0,0.0,0.0,0.0,55.4
dummy_image_1.png,1,50.0,50.0,50.0,41.0,33.0,0.0,0.0,0.0,48.0
dummy_image_1.png,2,28.5,18.0,28.5,50.0,33.5,0.5,0.5,0.5,54.4
dummy_image_1.png,1,11.0,11.0,11.0,52.0,33.0,0.0,0.0,0.0,55.8
dummy_image_1.png,1,42.0,42.0,42.0,57.0,33.0,0.0,0.0,0.0,49.6
dummy_image_1.png,1,29.0,29.0,29.0,59.0,33.0,0.0,0.0,0.0,52.2
dummy_image_1.png,3,45.0,22.0,37.0,6.33,34.33,0.47,0.75,0.65,53.6
dummy_image_1.png,3,56.0,45.0,51.0,16.0,34.0,0.0,1.0,0.67,49.0
dummy_image_1.png,5,48.6,33.0,38.0,24.6,34.8,0.45,1.61,1.0,51.4
dummy_image_1.png,1,89.0,89.0,89.0,31.0,34.0,0.0,0.0,0.0,40.2
dummy_image_1.png,15,51.33,0.0,47.0,31.73,36.6,0.48,3.07,1.82,58.0
dummy_image_1.png,1,54.0,54.0,54.0,36.0,34.0,0.0,0.0,0.0,47.2
dummy_image_1.png,5,39.0,0.0,26.0,42.6,34.6,0.72,1.52,1.07,58.0
dummy_image_1.png,4,43.5,31.0,47.0,58.25,35.0,0.25,1.03,0.77,51.8
dummy_image_1.png,1,38.0,38.0,38.0,1.0,35.0,0.0,0.0,0.0,50.4
dummy_image_1.png,12,37.42,6.0,37.5,3.67,38.17,0.37,3.29,1.91,56.8
dummy_image_1.png,1,74.0,74.0,74.0,14.0,35.0,0.0,0.0,0.0,43.2
dummy_image_1.png,2,36.5,11.0,36.5,28.5,35.0,0.5,0.5,0.5,55.8
dummy_image_1.png,1,45.0,45.0,45.0,45.0,35.0,0.0,0.0,0.0,49.0
dummy_image_1.png,3,36.33,7.0,33.0,49.33,35.67,0.47,0.75,0.65,56.6
dummy_image_1.png,1,51.0,51.0,51.0,51.0,35.0,0.0,0.0,0.0,47.8
dummy_image_1.png,3,61.0,30.0,75.0,54.33,35.33,0.47,0.75,0.65,52.0
dummy_image_1.png,1,92.0,92.0,92.0,2.0,36.0,0.0,0.0,0.0,39.6
dummy_image_1.png,7,58.71,12.0,71.0,16.43,36.71,0.52,1.6,1.06,55.6
dummy_image_1.png,1,16.0,16.0,16.0,20.0,36.0,0.0,0.0,0.0,54.8
dummy_image_1.png,1,84.0,84.0,84.0,35.0,36.0,0.0,0.0,0.0,41.2
dummy_image_1.png,1,32.0,32.0,32.0,44.0,36.0,0.0,0.0,0.0,51.6
dummy_image_1.png,3,53.0,38.0,52.0,56.33,36.67,0.47,0.75,0.65,50.4
dummy_image_1.png,8,63.12,7.0,74.5,62.88,39.0,0.12,3.0,1.63,56.6
dummy_image_1.png,4,72.25,34.0,79.5,1.0,37.75,0.25,1.03,0.77,51.2
dummy_image_1.png,2,41.0,28.0,41.0,13.5,37.0,0.5,0.5,0.5,52.4
dummy_image_1.png,20,42.75,0.0,42.0,42.45,38.45,0.64,3.87,2.36,58.0
dummy_image_1.png,4,45.75,17.0,47.0,10.25,39.25,0.35,1.27,0.87,54.6
dummy_image_1.png,4,32.25,13.0,25.0,20.5,38.0,0.5,1.5,1.0,55.4
dummy_image_1.png,1,45.0,45.0,45.0,25.0,38.0,0.0,0.0,0.0,49.0
dummy_image_1.png,1,91.0,91.0,91.0,27.0,38.0,0.0,0.0,0.0,39.8
dummy_image_1.png,3,68.33,23.0,88.0,48.67,38.33,0.47,0.75,0.65,53.4
dummy_image_1.png,5,24.6,5.0,24.0,51.0,39.2,0.2,1.28,0.9,57.0
dummy_image_1.png,3,45.67,29.0,42.0,55.0,39.0,0.0,1.0,0.67,52.2
dummy_image_1.png,1,66.0,66.0,66.0,60.0,38.0,0.0,0.0,0.0,44.8
dummy_image_1.png,4,52.5,8.0,55.5,14.0,39.5,0.5,1.12,0.81,56.4
dummy_image_1.png,12,52.25,10.0,46.0,17.33,41.25,0.42,2.77,1.56,56.0
dummy_image_1.png,1,65.0,65.0,65.0,36.0,39.0,0.0,0.0,0.0,45.0
dummy_image_1.png,1,88.0,88.0,88.0,59.0,39.0,0.0,0.0,0.0,40.4
dummy_image_1.png,1,10.0,10.0,10.0,0.0,40.0,0.0,0.0,0.0,56.0
dummy_image_1.png,1,25.0,25.0,25.0,7.0,40.0,0.0,0.0,0.0,53.0
dummy_image_1.png,16,42.5,0.0,40.5,25.81,41.5,0.53,4.1,1.97,58.0
dummy_image_1.png,1,38.0,38.0,38.0,27.0,40.0,0.0,0.0,0.0,50.4
dummy_image_1.png,1,61.0,61.0,61.0,32.0,40.0,0.0,0.0,0.0,45.8
dummy_image_1.png,1,4.0,4.0,4.0,34.0,40.0,0.0,0.0,0.0,57.2
dummy_image_1.png,2,4.5,1.0,4.5,37.0,40.5,0.5,0.5,0.5,57.8
dummy_image_1.png,1,20.0,20.0,20.0,53.0,40.0,0.0,0.0,0.0,54.0
dummy_image_1.png,4,67.75,21.0,75.5,60.5,40.5,0.71,0.71,0.71,53.8
dummy_image_1.png,11,68.45,5.0,78.0,3.18,42.91,0.2,2.64,1.5,57.0
dummy_image_1.png,1,58.0,58.0,58.0,9.0,41.0,0.0,0.0,0.0,46.4
dummy_image_1.png,12,43.33,7.0,43.5,13.17,43.17,0.85,3.06,1.81,56.6
dummy_image_1.png,9,54.22,9.0,63.0,22.56,42.56,0.63,2.84,1.67,56.2
dummy_image_1.png,1,46.0,46.0,46.0,30.0,41.0,0.0,0.0,0.0,48.8
dummy_image_1.png,1,98.0,98.0,98.0,35.0,41.0,0.0,0.0,0.0,38.4
dummy_image_1.png,1,17.0,17.0,17.0,41.0,41.0,0.0,0.0,0.0,54.6
dummy_image_1.png,1,93.0,93.0,93.0,44.0,41.0,0.0,0.0,0.0,39.4
dummy_image_1.png,1,77.0,77.0,77.0,47.0,41.0,0.0,0.0,0.0,42.6
dummy_image_1.png,1,47.0,47.0,47.0,57.0,41.0,0.0,0.0,0.0,48.6
dummy_image_1.png,1,70.0,70.0,70.0,0.0,42.0,0.0,0.0,0.0,44.0
dummy_image_1.png,1,15.0,15.0,15.0,7.0,42.0,0.0,0.0,0.0,55.0
dummy_image_1.png,1,39.0,39.0,39.0,31.0,42.0,0.0,0.0,0.0,50.2
dummy_image_1.png,24,60.67,1.0,71.0,47.62,46.58,0.75,4.86,2.56,57.8
dummy_image_1.png,1,56.0,56.0,56.0,49.0,42.0,0.0,0.0,0.0,46.8
dummy_image_1.png,5,36.2,9.0,35.0,54.0,42.0,0.0,2.0,1.2,56.2
dummy_image_1.png,2,63.5,61.0,63.5,6.0,43.5,0.5,0.5,0.5,45.8
dummy_image_1.png,1,67.0,67.0,67.0,10.0,43.0,0.0,0.0,0.0,44.6
dummy_image_1.png,2,25.5,19.0,25.5,32.5,43.0,0.5,0.5,0.5,54.2
dummy_image_1.png,1,51.0,51.0,51.0,35.0,43.0,0.0,0.0,0.0,47.8
dummy_image_1.png,2,51.0,45.0,51.0,37.5,43.0,0.5,0.5,0.5,49.0
dummy_image_1.png,1,35.0,35.0,35.0,42.0,43.0,0.0,0.0,0.0,51.0
dummy_image_1.png,4,27.25,2.0,11.5,61.0,43.5,0.5,1.12,0.81,57.6
dummy_image_1.png,1,73.0,73.0,73.0,8.0,44.0,0.0,0.0,0.0,43.4
dummy_image_1.png,5,40.0,4.0,40.0,18.8,44.8,0.28,1.44,0.96,57.2
dummy_image_1.png,2,52.0,10.0,52.0,22.0,44.5,0.5,0.5,0.5,56.0
dummy_image_1.png,1,78.0,78.0,78.0,31.0,44.0,0.0,0.0,0.0,42.4
dummy_image_1.png,2,31.0,20.0,31.0,34.0,44.5,0.5,0.5,0.5,54.0
dummy_image_1.png,4,53.0,11.0,63.5,56.75,44.25,0.35,1.27,0.87,55.8
dummy_image_1.png,2,27.0,8.0,27.0,7.0,45.5,0.5,0.5,0.5,56.4
dummy_image_1.png,1,53.0,53.0,53.0,9.0,45.0,0.0,0.0,0.0,47.4
dummy_image_1.png,2,32.5,24.0,32.5,16.0,45.5,0.5,0.5,0.5,53.2
dummy_image_1.png,29,49.34,4.0,50.0,31.31,48.66,0.72,4.66,2.73,57.2
dummy_image_1.png,14,44.36,5.0,35.5,43.36,47.21,0.68,4.02,2.17,57.0
dummy_image_1.png,1,81.0,81.0,81.0,54.0,45.0,0.0,0.0,0.0,41.8
dummy_image_1.png,1,50.0,50.0,50.0,59.0,45.0,0.0,0.0,0.0,48.0
dummy_image_1.png,2,56.0,17.0,56.0,2.0,46.5,0.5,0.5,0.5,54.6
dummy_image_1.png,3,82.33,68.0,83.0,14.33,46.67,0.47,0.75,0.65,44.4
dummy_image_1.png,12,47.67,17.0,34.0,21.0,47.5,0.5,2.5,1.49,54.6
dummy_image_1.png,1,6.0,6.0,6.0,37.0,46.0,0.0,0.0,0.0,56.8
dummy_image_1.png,1,32.0,32.0,32.0,53.0,46.0,0.0,0.0,0.0,51.6
dummy_image_1.png,2,24.5,21.0,24.5,55.0,46.5,0.5,0.5,0.5,53.8
dummy_image_1.png,1,40.0,40.0,40.0,62.0,46.0,0.0,0.0,0.0,50.0
dummy_image_1.png,6,36.67,2.0,32.5,10.5,48.0,0.5,1.8,1.14,57.6
dummy_image_1.png,1,57.0,57.0,57.0,17.0,47.0,0.0,0.0,0.0,46.6
dummy_image_1.png,1,94.0,94.0,94.0,25.0,47.0,0.0,0.0,0.0,39.2
dummy_image_1.png,1,42.0,42.0,42.0,27.0,47.0,0.0,0.0,0.0,49.6
dummy_image_1.png,3,29.67,9.0,31.0,39.67,47.67,0.47,0.75,0.65,56.2
dummy_image_1.png,12,37.92,7.0,32.0,55.42,48.25,0.63,3.43,1.85,56.6
dummy_image_1.png,1,38.0,38.0,38.0,1.0,48.0,0.0,0.0,0.0,50.4
dummy_image_1.png,3,40.33,13.0,24.0,7.67,48.67,0.47,0.75,0.65,55.4
dummy_image_1.png,2,45.0,45.0,45.0,37.0,48.5,0.5,0.5,0.5,49.0
dummy_image_1.png,2,58.0,31.0,58.0,60.0,48.5,0.5,0.5,0.5,51.8
dummy_image_1.png,9,48.11,12.0,54.0,4.89,50.44,0.46,2.92,1.64,55.6
dummy_image_1.png,4,66.25,16.0,78.0,13.75,50.0,0.25,1.03,0.77,54.8
dummy_image_1.png,1,52.0,52.0,52.0,17.0,49.0,0.0,0.0,0.0,47.6
dummy_image_1.png,1,41.0,41.0,41.0,41.0,49.0,0.0,0.0,0.0,49.8
dummy_image_1.png,3,47.0,28.0,53.0,62.67,49.67,0.47,0.75,0.65,52.4
dummy_image_1.png,1,62.0,62.0,62.0,9.0,50.0,0.0,0.0,0.0,45.6
dummy_image_1.png,10,44.9,3.0,40.0,26.3,51.6,0.5,1.8,1.21,57.4
dummy_image_1.png,1,41.0,41.0,41.0,35.0,50.0,0.0,0.0,0.0,49.8
dummy_image_1.png,3,30.33,11.0,19.0,52.33,50.67,0.47,0.75,0.65,55.8
dummy_image_1.png,4,55.0,43.0,56.0,57.0,50.5,0.5,1.12,0.81,49.4
dummy_image_1.png,3,59.0,0.0,88.0,0.67,51.67,0.47,0.75,0.65,58.0
dummy_image_1.png,1,52.0,52.0,52.0,8.0,51.0,0.0,0.0,0.0,47.6
dummy_image_1.png,1,78.0,78.0,78.0,11.0,51.0,0.0,0.0,0.0,42.4
dummy_image_1.png,4,35.5,3.0,31.5,18.75,51.75,0.35,1.27,0.87,57.4
dummy_image_1.png,1,27.0,27.0,27.0,22.0,51.0,0.0,0.0,0.0,52.6
dummy_image_1.png,3,36.33,19.0,35.0,36.33,51.33,0.47,0.75,0.65,54.2
dummy_image_1.png,2,64.5,45.0,64.5,40.0,51.5,0.5,0.5,0.5,49.0
dummy_image_1.png,10,66.3,7.0,76.5,60.1,53.6,0.41,2.75,1.66,56.6
dummy_image_1.png,8,28.62,4.0,23.5,2.25,53.25,0.35,2.37,1.3,57.2
dummy_image_1.png,3,91.0,78.0,97.0,9.67,52.33,0.47,0.75,0.65,42.4
dummy_image_1.png,1,34.0,34.0,34.0,13.0,52.0,0.0,0.0,0.0,51.2
dummy_image_1.png,4,32.5,8.0,29.0,14.75,53.25,0.35,1.27,0.87,56.4
dummy_image_1.png,1,8.0,8.0,8.0,23.0,52.0,0.0,0.0,0.0,56.4
dummy_image_1.png,1,68.0,68.0,68.0,34.0,52.0,0.0,0.0,0.0,44.4
dummy_image_1.png,1,71.0,71.0,71.0,38.0,52.0,0.0,0.0,0.0,43.8
dummy_image_1.png,2,50.5,28.0,50.5,42.5,52.0,0.5,0.5,0.5,52.4
dummy_image_1.png,6,65.83,37.0,63.0,51.0,53.33,0.33,1.67,1.14,50.6
dummy_image_1.png,4,38.0,27.0,37.5,54.0,52.5,0.5,1.12,0.81,52.6
dummy_image_1.png,1,29.0,29.0,29.0,58.0,52.0,0.0,0.0,0.0,52.2
dummy_image_1.png,2,94.0,90.0,94.0,62.0,52.5,0.5,0.5,0.5,40.0
dummy_image_1.png,4,46.25,31.0,46.5,5.25,54.25,0.35,1.27,0.87,51.8
dummy_image_1.png,1,49.0,49.0,49.0,8.0,53.0,0.0,0.0,0.0,48.2
dummy_image_1.png,9,42.22,0.0,31.0,12.44,55.33,0.56,2.38,1.35,58.0
dummy_image_1.png,2,49.5,36.0,49.5,17.0,53.5,0.5,0.5,0.5,50.8
dummy_image_1.png,2,45.5,29.0,45.5,21.0,53.5,0.5,0.5,0.5,52.2
dummy_image_1.png,1,35.0,35.0,35.0,24.0,53.0,0.0,0.0,0.0,51.0
dummy_image_1.png,2,55.5,26.0,55.5,30.0,53.5,0.5,0.5,0.5,52.8
dummy_image_1.png,13,51.38,3.0,43.0,41.38,55.08,0.62,3.16,1.86,57.4
dummy_image_1.png,3,42.33,8.0,20.0,45.67,53.33,0.47,0.75,0.65,56.4
dummy_image_1.png,3,46.33,28.0,32.0,48.33,53.67,0.47,0.75,0.65,52.4
dummy_image_1.png,1,38.0,38.0,38.0,19.0,54.0,0.0,0.0,0.0,50.4
dummy_image_1.png,7,54.71,16.0,62.0,36.0,55.57,0.43,1.86,1.19,54.8
dummy_image_1.png,1,16.0,16.0,16.0,63.0,54.0,0.0,0.0,0.0,54.8
dummy_image_1.png,4,47.0,6.0,56.0,9.25,56.0,0.25,1.03,0.77,56.8
dummy_image_1.png,1,16.0,16.0,16.0,16.0,55.0,0.0,0.0,0.0,54.8
dummy_image_1.png,1,94.0,94.0,94.0,18.0,55.0,0.0,0.0,0.0,39.2
dummy_image_1.png,2,62.0,44.0,62.0,24.5,55.0,0.5,0.5,0.5,49.2
dummy_image_1.png,15,47.6,2.0,37.0,28.07,57.33,0.99,3.75,2.11,57.6
dummy_image_1.png,3,45.67,5.0,39.0,33.0,56.0,0.0,1.0,0.67,57.0
dummy_image_1.png,1,56.0,56.0,56.0,54.0,55.0,0.0,0.0,0.0,46.8
dummy_image_1.png,8,46.5,4.0,42.0,2.0,56.5,0.5,2.06,1.44,57.2
dummy_image_1.png,1,80.0,80.0,80.0,15.0,56.0,0.0,0.0,0.0,42.0
dummy_image_1.png,1,85.0,85.0,85.0,17.0,56.0,0.0,0.0,0.0,41.0
dummy_image_1.png,2,19.5,10.0,19.5,19.5,56.0,0.5,0.5,0.5,56.0
dummy_image_1.png,2,55.5,43.0,55.5,23.0,56.5,0.5,0.5,0.5,49.4
dummy_image_1.png,1,93.0,93.0,93.0,48.0,56.0,0.0,0.0,0.0,39.4
dummy_image_1.png,8,57.12,23.0,54.5,50.5,57.62,0.62,1.7,1.14,53.4
dummy_image_1.png,6,43.33,10.0,40.0,56.67,56.67,0.47,1.49,0.98,56.0
dummy_image_1.png,5,38.6,15.0,40.0,62.6,57.6,0.57,1.65,1.04,55.0
dummy_image_1.png,1,48.0,48.0,48.0,7.0,57.0,0.0,0.0,0.0,48.4
dummy_image_1.png,1,93.0,93.0,93.0,11.0,57.0,0.0,0.0,0.0,39.4
dummy_image_1.png,1,42.0,42.0,42.0,16.0,57.0,0.0,0.0,0.0,49.6
dummy_image_1.png,1,79.0,79.0,79.0,21.0,57.0,0.0,0.0,0.0,42.2
dummy_image_1.png,2,42.5,11.0,42.5,47.0,57.5,0.5,0.5,0.5,55.8
dummy_image_1.png,1,35.0,35.0,35.0,15.0,58.0,0.0,0.0,0.0,51.0
dummy_image_1.png,1,98.0,98.0,98.0,22.0,58.0,0.0,0.0,0.0,38.4
dummy_image_1.png,1,6.0,6.0,6.0,24.0,58.0,0.0,0.0,0.0,56.8
dummy_image_1.png,1,45.0,45.0,45.0,31.0,58.0,0.0,0.0,0.0,49.0
dummy_image_1.png,1,7.0,7.0,7.0,34.0,58.0,0.0,0.0,0.0,56.6
dummy_image_1.png,4,63.25,14.0,76.0,41.75,59.0,0.25,1.03,0.77,55.2
dummy_image_1.png,4,50.25,12.0,51.5,44.75,59.0,0.25,1.03,0.77,55.6
dummy_image_1.png,12,47.33,4.0,48.0,59.5,60.0,0.5,3.2,1.84,57.2
dummy_image_1.png,1,11.0,11.0,11.0,3.0,59.0,0.0,0.0,0.0,55.8
dummy_image_1.png,8,57.75,29.0,54.0,5.75,59.88,0.28,1.75,1.15,52.2
dummy_image_1.png,2,69.5,65.0,69.5,9.0,59.5,0.5,0.5,0.5,45.0
dummy_image_1.png,5,55.4,5.0,72.0,16.6,60.0,0.4,1.4,0.95,57.0
dummy_image_1.png,3,54.33,16.0,73.0,20.0,59.0,0.0,1.0,0.67,54.8
dummy_image_1.png,1,53.0,53.0,53.0,33.0,59.0,0.0,0.0,0.0,47.4
dummy_image_1.png,7,33.57,12.0,23.0,38.14,59.43,0.45,2.19,1.2,55.6
dummy_image_1.png,1,29.0,29.0,29.0,48.0,59.0,0.0,0.0,0.0,52.2
dummy_image_1.png,5,57.6,41.0,53.0,54.0,59.8,0.2,1.28,0.9,49.8
dummy_image_1.png,4,35.0,4.0,31.5,2.25,61.0,0.25,1.03,0.77,57.2
dummy_image_1.png,2,50.5,11.0,50.5,13.0,60.5,0.5,0.5,0.5,55.8
dummy_image_1.png,2,49.0,0.0,49.0,22.5,60.0,0.5,0.5,0.5,58.0
dummy_image_1.png,6,50.33,5.0,61.0,24.0,61.5,0.5,2.06,1.29,57.0
dummy_image_1.png,2,29.5,8.0,29.5,49.0,60.5,0.5,0.5,0.5,56.4
dummy_image_1.png,4,42.75,2.0,41.0,57.0,61.5,0.5,1.5,1.0,57.6
dummy_image_1.png,1,5.0,5.0,5.0,63.0,60.0,0.0,0.0,0.0,57.0
dummy_image_1.png,1,38.0,38.0,38.0,19.0,61.0,0.0,0.0,0.0,50.4
dummy_image_1.png,2,85.0,76.0,85.0,30.5,61.0,0.5,0.5,0.5,42.8
dummy_image_1.png,2,76.5,54.0,76.5,43.5,61.0,0.5,0.5,0.5,47.2
dummy_image_1.png,1,87.0,87.0,87.0,46.0,61.0,0.0,0.0,0.0,40.6
dummy_image_1.png,1,45.0,45.0,45.0,51.0,61.0,0.0,0.0,0.0,49.0
dummy_image_1.png,1,10.0,10.0,10.0,5.0,62.0,0.0,0.0,0.0,56.0
dummy_image_1.png,1,73.0,73.0,73.0,10.0,62.0,0.0,0.0,0.0,43.4
dummy_image_1.png,2,59.0,33.0,59.0,14.5,62.0,0.5,0.5,0.5,51.4
dummy_image_1.png,7,56.86,1.0,61.0,19.0,62.57,0.43,2.08,1.29,57.8
dummy_image_1.png,1,7.0,7.0,7.0,27.0,62.0,0.0,0.0,0.0,56.6
dummy_image_1.png,1,93.0,93.0,93.0,33.0,62.0,0.0,0.0,0.0,39.4
dummy_image_1.png,4,34.5,27.0,36.5,38.0,62.25,0.25,1.03,0.77,52.6
dummy_image_1.png,1,15.0,15.0,15.0,41.0,62.0,0.0,0.0,0.0,55.0
dummy_image_1.png,3,59.0,33.0,61.0,47.67,62.33,0.47,0.75,0.65,51.4
dummy_image_1.png,1,22.0,22.0,22.0,50.0,62.0,0.0,0.0,0.0,53.6
dummy_image_1.png,1,98.0,98.0,98.0,53.0,62.0,0.0,0.0,0.0,38.4
dummy_image_1.png,1,3.0,3.0,3.0,55.0,62.0,0.0,0.0,0.0,57.4
dummy_image_1.png,2,5.0,2.0,5.0,3.5,63.0,0.5,0.5,0.5,57.6
dummy_image_1.png,2,33.5,28.0,33.5,6.5,63.0,0.5,0.5,0.5,52.4
dummy_image_1.png,1,40.0,40.0,40.0,9.0,63.0,0.0,0.0,0.0,50.0
dummy_image_1.png,1,42.0,42.0,42.0,12.0,63.0,0.0,0.0,0.0,49.6
dummy_image_1.png,1,14.0,14.0,14.0,26.0,63.0,0.0,0.0,0.0,55.2
dummy_image_1.png,2,42.5,35.0,42.5,28.5,63.0,0.5,0.5,0.5,51.0
dummy_image_1.png,1,73.0,73.0,73.0,35.0,63.0,0.0,0.0,0.0,43.4
dummy_image_1.png,1,42.0,42.0,42.0,40.0,63.0,0.0,0.0,0.0,49.6
dummy_image_1.png,1,93.0,93.0,93.0,52.0,63.0,0.0,0.0,0.0,39.4
dummy_image_2.png,2,51.5,26.0,51.5,1.5,0.0,0.5,0.5,0.5,52.8
dummy_image_2.png,7,68.29,44.0,70.0,4.29,1.57,0.52,1.6,1.06,49.2
dummy_image_2.png,1,46.0,46.0,46.0,6.0,0.0,0.0,0.0,0.0,48.8
dummy_image_2.png,6,49.33,8.0,52.5,7.67,1.67,0.47,1.7,1.12,56.4
dummy_image_2.png,6,34.67,1.0,31.0,13.83,1.0,0.17,1.3,0.99,57.8
dummy_image_2.png,1,57.0,57.0,57.0,16.0,0.0,0.0,0.0,0.0,46.6
dummy_image_2.png,11,32.0,4.0,28.0,20.91,0.91,0.13,3.05,1.71,57.2
dummy_image_2.png,7,56.86,25.0,59.0,28.71,1.71,0.4,2.3,1.31,53.0
dummy_image_2.png,18,48.11,3.0,54.5,34.17,2.11,0.84,3.83,2.19,57.4
dummy_image_2.png,4,38.5,14.0,40.0,40.0,0.5,0.5,1.12,0.81,55.2
dummy_image_2.png,2,26.0,21.0,26.0,45.5,0.0,0.5,0.5,0.5,53.8
dummy_image_2.png,9,52.67,2.0,57.0,53.56,2.0,0.44,2.08,1.41,57.6
dummy_image_2.png,2,41.5,16.0,41.5,57.5,0.0,0.5,0.5,0.5,54.8
dummy_image_2.png,5,43.2,11.0,42.0,10.8,1.8,0.28,1.44,0.96,55.8
dummy_image_2.png,1,60.0,60.0,60.0,24.0,1.0,0.0,0.0,0.0,46.0
dummy_image_2.png,3,26.0,22.0,24.0,26.33,1.33,0.47,0.75,0.65,53.6
dummy_image_2.png,3,51.33,30.0,33.0,42.33,1.33,0.47,0.75,0.65,52.0
dummy_image_2.png,25,51.72,0.0,55.0,49.96,3.88,0.97,5.1,2.68,58.0
dummy_image_2.png,2,93.0,91.0,93.0,56.0,1.5,0.5,0.5,0.5,39.8
dummy_image_2.png,5,61.6,23.0,65.0,62.4,1.6,0.72,1.52,1.07,53.4
dummy_image_2.png,9,52.33,9.0,63.0,58.44,4.11,0.46,2.16,1.37,56.2
dummy_image_2.png,1,8.0,8.0,8.0,60.0,2.0,0.0,0.0,0.0,56.4
dummy_image_2.png,1,67.0,67.0,67.0,0.0,3.0,0.0,0.0,0.0,44.6
dummy_image_2.png,1,43.0,43.0,43.0,2.0,3.0,0.0,0.0,0.0,49.4
dummy_image_2.png,5,73.2,30.0,87.0,12.4,3.8,0.45,1.61,1.0,52.0
dummy_image_2.png,7,30.43,10.0,26.0,17.0,4.0,0.0,2.24,1.33,56.0
dummy_image_2.png,1,78.0,78.0,78.0,21.0,3.0,0.0,0.0,0.0,42.4
dummy_image_2.png,1,21.0,21.0,21.0,25.0,3.0,0.0,0.0,0.0,53.8
dummy_image_2.png,2,31.0,26.0,31.0,27.0,3.5,0.5,0.5,0.5,52.8
dummy_image_2.png,1,76.0,76.0,76.0,41.0,3.0,0.0,0.0,0.0,42.8
dummy_image_2.png,12,36.0,5.0,33.5,42.75,4.92,0.75,2.43,1.53,57.0
dummy_image_2.png,1,74.0,74.0,74.0,22.0,4.0,0.0,0.0,0.0,43.2
dummy_image_2.png,6,60.33,37.0,60.0,38.0,4.5,0.5,2.06,1.29,50.6
dummy_image_2.png,6,40.83,13.0,42.0,46.67,5.5,0.6,1.54,0.99,55.4
dummy_image_2.png,11,39.55,2.0,25.0,4.73,6.82,0.33,3.28,1.89,57.6
dummy_image_2.png,1,72.0,72.0,72.0,5.0,5.0,0.0,0.0,0.0,43.6
dummy_image_2.png,1,15.0,15.0,15.0,8.0,5.0,0.0,0.0,0.0,55.0
dummy_image_2.png,1,70.0,70.0,70.0,23.0,5.0,0.0,0.0,0.0,44.0
dummy_image_2.png,1,90.0,90.0,90.0,55.0,5.0,0.0,0.0,0.0,40.0
dummy_image_2.png,1,10.0,10.0,10.0,10.0,6.0,0.0,0.0,0.0,56.0
dummy_image_2.png,8,57.75,11.0,63.0,15.25,7.0,0.25,2.75,1.59,55.8
dummy_image_2.png,14,60.57,4.0,59.5,20.71,9.43,0.52,3.5,2.03,57.2
dummy_image_2.png,19,53.16,0.0,54.0,26.37,9.26,0.45,3.98,2.01,58.0
dummy_image_2.png,1,82.0,82.0,82.0,27.0,6.0,0.0,0.0,0.0,41.6
dummy_image_2.png,2,66.5,57.0,66.5,30.0,6.5,0.5,0.5,0.5,46.6
dummy_image_2.png,1,58.0,58.0,58.0,39.0,6.0,0.0,0.0,0.0,46.4
dummy_image_2.png,1,15.0,15.0,15.0,56.0,6.0,0.0,0.0,0.0,55.0
dummy_image_2.png,1,94.0,94.0,94.0,63.0,6.0,0.0,0.0,0.0,39.2
dummy_image_2.png,2,30.5,27.0,30.5,0.5,7.0,0.5,0.5,0.5,52.6
dummy_image_2.png,1,29.0,29.0,29.0,32.0,7.0,0.0,0.0,0.0,52.2
dummy_image_2.png,12,49.17,4.0,48.0,35.5,8.25,0.56,2.61,1.74,57.2
dummy_image_2.png,1,39.0,39.0,39.0,38.0,7.0,0.0,0.0,0.0,50.2
dummy_image_2.png,1,38.0,38.0,38.0,40.0,7.0,0.0,0.0,0.0,50.4
dummy_image_2.png,1,81.0,81.0,81.0,9.0,8.0,0.0,0.0,0.0,41.8
dummy_image_2.png,1,49.0,49.0,49.0,23.0,8.0,0.0,0.0,0.0,48.2
dummy_image_2.png,14,41.93,10.0,35.0,45.36,10.07,0.36,2.8,1.71,56.0
dummy_image_2.png,2,67.5,40.0,67.5,52.0,8.5,0.5,0.5,0.5,50.0
dummy_image_2.png,3,53.33,28.0,51.0,58.33,8.33,0.47,0.75,0.65,52.4
dummy_image_2.png,2,54.5,36.0,54.5,61.0,8.5,0.5,0.5,0.5,50.8
dummy_image_2.png,3,40.0,3.0,50.0,0.33,9.67,0.47,0.75,0.65,57.4
dummy_image_2.png,1,48.0,48.0,48.0,2.0,9.0,0.0,0.0,0.0,48.4
dummy_image_2.png,1,30.0,30.0,30.0,4.0,9.0,0.0,0.0,0.0,52.0
dummy_image_2.png,8,46.75,0.0,46.0,11.38,9.62,0.73,2.7,1.54,58.0
dummy_image_2.png,7,39.57,10.0,18.0,16.57,10.71,0.52,1.77,1.06,56.0
dummy_image_2.png,5,56.2,33.0,51.0,40.0,10.2,0.2,1.28,0.9,51.4
dummy_image_2.png,1,25.0,25.0,25.0,48.0,9.0,0.0,0.0,0.0,53.0
dummy_image_2.png,3,25.33,6.0,18.0,49.67,9.67,0.47,0.75,0.65,56.8
dummy_image_2.png,2,49.5,3.0,49.5,55.0,9.5,0.5,0.5,0.5,57.4
dummy_image_2.png,1,61.0,61.0,61.0,3.0,10.0,0.0,0.0,0.0,45.8
dummy_image_2.png,11,36.18,14.0,31.0,7.18,11.64,0.41,2.73,1.59,55.2
dummy_image_2.png,2,59.0,59.0,59.0,24.0,10.5,0.5,0.5,0.5,46.2
dummy_image_2.png,4,55.0,42.0,51.0,30.75,10.25,0.35,1.27,0.87,49.6
dummy_image_2.png,3,44.0,2.0,35.0,53.33,10.67,0.47,0.75,0.65,57.6
dummy_image_2.png,5,25.4,4.0,6.0,13.2,12.0,0.2,1.28,0.9,57.2
dummy_image_2.png,15,44.93,1.0,36.0,34.13,12.87,0.19,2.42,1.54,57.8
dummy_image_2.png,1,69.0,69.0,69.0,42.0,11.0,0.0,0.0,0.0,44.2
dummy_image_2.png,27,48.74,2.0,50.0,56.0,14.48,0.52,4.28,2.6,57.6
dummy_image_2.png,1,98.0,98.0,98.0,0.0,12.0,0.0,0.0,0.0,38.4
dummy_image_2.png,2,93.0,91.0,93.0,2.5,12.0,0.5,0.5,0.5,39.8
dummy_image_2.png,1,25.0,25.0,25.0,41.0,12.0,0.0,0.0,0.0,53.0
dummy_image_2.png,1,98.0,98.0,98.0,49.0,12.0,0.0,0.0,0.0,38.4
dummy_image_2.png,2,30.5,16.0,30.5,51.0,12.5,0.5,0.5,0.5,54.8
dummy_image_2.png,3,37.67,0.0,21.0,61.33,12.67,0.47,0.75,0.65,58.0
dummy_image_2.png,1,23.0,23.0,23.0,63.0,12.0,0.0,0.0,0.0,53.4
dummy_image_2.png,11,50.45,3.0,34.0,4.45,15.55,0.71,2.9,1.65,57.4
dummy_image_2.png,3,63.67,22.0,72.0,14.67,13.67,0.47,0.75,0.65,53.6
dummy_image_2.png,2,5.0,0.0,5.0,28.5,13.0,0.5,0.5,0.5,58.0
dummy_image_2.png,6,35.5,1.0,43.0,38.67,13.83,0.37,1.67,1.07,57.8
dummy_image_2.png,4,33.75,10.0,21.5,42.5,14.0,0.5,1.12,0.81,56.0
dummy_image_2.png,1,96.0,96.0,96.0,0.0,14.0,0.0,0.0,0.0,38.8
dummy_image_2.png,1,15.0,15.0,15.0,10.0,14.0,0.0,0.0,0.0,55.0
dummy_image_2.png,1,81.0,81.0,81.0,12.0,14.0,0.0,0.0,0.0,41.8
dummy_image_2.png,1,42.0,42.0,42.0,22.0,14.0,0.0,0.0,0.0,49.6
dummy_image_2.png,6,57.5,9.0,62.5,24.67,14.67,0.47,1.7,1.12,56.2
dummy_image_2.png,1,33.0,33.0,33.0,30.0,14.0,0.0,0.0,0.0,51.4
dummy_image_2.png,9,45.44,2.0,65.0,48.22,14.78,0.31,2.23,1.35,57.6
dummy_image_2.png,1,44.0,44.0,44.0,63.0,14.0,0.0,0.0,0.0,49.2
dummy_image_2.png,1,80.0,80.0,80.0,7.0,15.0,0.0,0.0,0.0,42.0
dummy_image_2.png,6,45.0,4.0,39.5,9.17,16.17,0.24,1.18,0.91,57.2
dummy_image_2.png,1,35.0,35.0,35.0,11.0,15.0,0.0,0.0,0.0,51.0
dummy_image_2.png,19,53.32,2.0,60.0,18.84,19.63,0.4,4.71,2.4,57.6
dummy_image_2.png,2,67.0,39.0,67.0,20.0,15.5,0.5,0.5,0.5,50.2
dummy_image_2.png,2,42.5,6.0,42.5,28.5,15.0,0.5,0.5,0.5,56.8
dummy_image_2.png,5,59.4,7.0,61.0,13.6,16.6,0.57,1.65,1.04,56.6
dummy_image_2.png,1,98.0,98.0,98.0,27.0,16.0,0.0,0.0,0.0,38.4
dummy_image_2.png,3,56.0,25.0,71.0,31.33,16.33,0.47,0.75,0.65,53.0
dummy_image_2.png,5,47.8,22.0,32.0,35.0,17.0,0.0,1.0,0.8,53.6
dummy_image_2.png,1,28.0,28.0,28.0,38.0,16.0,0.0,0.0,0.0,52.4
dummy_image_2.png,4,37.25,2.0,29.0,41.0,16.5,0.5,1.12,0.81,57.6
dummy_image_2.png,6,68.83,5.0,86.0,61.67,17.17,0.37,1.86,1.18,57.0
dummy_image_2.png,1,39.0,39.0,39.0,24.0,17.0,0.0,0.0,0.0,50.2
dummy_image_2.png,2,45.0,5.0,45.0,28.5,17.0,0.5,0.5,0.5,57.0
dummy_image_2.png,8,56.12,9.0,62.0,43.88,18.38,0.4,1.85,1.17,56.2
dummy_image_2.png,1,31.0,31.0,31.0,47.0,17.0,0.0,0.0,0.0,51.8
dummy_image_2.png,1,88.0,88.0,88.0,49.0,17.0,0.0,0.0,0.0,40.4
dummy_image_2.png,5,40.6,2.0,39.0,55.8,18.2,0.28,1.44,0.96,57.6
dummy_image_2.png,2,19.5,15.0,19.5,0.0,18.5,0.5,0.5,0.5,55.0
dummy_image_2.png,1,38.0,38.0,38.0,8.0,18.0,0.0,0.0,0.0,50.4
dummy_image_2.png,4,37.5,14.0,25.0,21.75,19.25,0.35,1.27,0.87,55.2
dummy_image_2.png,6,59.33,27.0,64.5,26.33,19.83,0.37,1.95,1.18,52.6
dummy_image_2.png,2,28.0,26.0,28.0,32.0,18.5,0.5,0.5,0.5,52.8
dummy_image_2.png,4,32.25,0.0,33.0,38.25,18.75,0.35,1.27,0.87,58.0
dummy_image_2.png,1,25.0,25.0,25.0,46.0,18.0,0.0,0.0,0.0,53.0
dummy_image_2.png,1,68.0,68.0,68.0,48.0,18.0,0.0,0.0,0.0,44.4
dummy_image_2.png,3,86.33,64.0,97.0,1.67,19.67,0.47,0.75,0.65,45.2
dummy_image_2.png,3,41.33,16.0,35.0,13.0,19.0,0.0,1.0,0.67,54.8
dummy_image_2.png,2,20.5,5.0,20.5,36.0,19.5,0.5,0.5,0.5,57.0
dummy_image_2.png,5,32.4,20.0,31.0,46.8,20.8,0.28,1.81,1.12,54.0
dummy_image_2.png,10,52.1,9.0,40.5,51.4,21.0,0.4,2.04,1.32,56.2
dummy_image_2.png,2,52.5,33.0,52.5,53.5,19.0,0.5,0.5,0.5,51.4
dummy_image_2.png,5,61.0,46.0,58.0,62.8,20.2,0.28,1.81,1.12,48.8
dummy_image_2.png,6,63.17,34.0,62.5,8.67,20.17,0.37,2.34,1.38,51.2
dummy_image_2.png,1,26.0,26.0,26.0,41.0,20.0,0.0,0.0,0.0,52.8
dummy_image_2.png,6,36.33,10.0,24.5,56.83,21.0,0.17,1.83,1.09,56.0
dummy_image_2.png,2,44.5,7.0,44.5,60.0,20.5,0.5,0.5,0.5,56.6
dummy_image_2.png,1,53.0,53.0,53.0,0.0,21.0,0.0,0.0,0.0,47.4
dummy_image_2.png,2,43.5,24.0,43.5,4.0,21.5,0.5,0.5,0.5,53.2
dummy_image_2.png,1,22.0,22.0,22.0,12.0,21.0,0.0,0.0,0.0,53.6
dummy_image_2.png,6,56.0,31.0,53.0,16.0,22.33,0.33,1.67,1.02,51.8
dummy_image_2.png,2,27.0,23.0,27.0,28.5,21.0,0.5,0.5,0.5,53.4
dummy_image_2.png,8,60.25,36.0,62.0,32.12,22.75,0.28,1.96,1.25,50.8
dummy_image_2.png,12,43.5,5.0,51.5,40.83,22.08,0.19,3.17,1.66,57.0
dummy_image_2.png,1,35.0,35.0,35.0,45.0,21.0,0.0,0.0,0.0,51.0
dummy_image_2.png,1,11.0,11.0,11.0,49.0,21.0,0.0,0.0,0.0,55.8
dummy_image_2.png,1,69.0,69.0,69.0,6.0,22.0,0.0,0.0,0.0,44.2
dummy_image_2.png,1,90.0,90.0,90.0,11.0,22.0,0.0,0.0,0.0,40.0
dummy_image_2.png,1,45.0,45.0,45.0,24.0,22.0,0.0,0.0,0.0,49.0
dummy_image_2.png,1,3.0,3.0,3.0,27.0,22.0,0.0,0.0,0.0,57.4
dummy_image_2.png,1,89.0,89.0,89.0,59.0,22.0,0.0,0.0,0.0,40.2
dummy_image_2.png,1,21.0,21.0,21.0,61.0,22.0,0.0,0.0,0.0,53.8
dummy_image_2.png,2,54.0,44.0,54.0,0.0,23.5,0.5,0.5,0.5,49.2
dummy_image_2.png,1,72.0,72.0,72.0,2.0,23.0,0.0,0.0,0.0,43.6
dummy_image_2.png,1,6.0,6.0,6.0,5.0,23.0,0.0,0.0,0.0,56.8
dummy_image_2.png,1,47.0,47.0,47.0,7.0,23.0,0.0,0.0,0.0,48.6
dummy_image_2.png,1,2.0,2.0,2.0,9.0,23.0,0.0,0.0,0.0,57.6
dummy_image_2.png,3,37.33,15.0,43.0,12.33,23.67,0.47,0.75,0.65,55.0
dummy_image_2.png,1,53.0,53.0,53.0,23.0,23.0,0.0,0.0,0.0,47.4
dummy_image_2.png,15,56.93,4.0,62.0,25.6,24.73,0.66,3.82,2.1,57.2
dummy_image_2.png,1,48.0,48.0,48.0,35.0,23.0,0.0,0.0,0.0,48.4
dummy_image_2.png,1,25.0,25.0,25.0,49.0,23.0,0.0,0.0,0.0,53.0
dummy_image_2.png,1,48.0,48.0,48.0,54.0,23.0,0.0,0.0,0.0,48.4
dummy_image_2.png,1,18.0,18.0,18.0,62.0,23.0,0.0,0.0,0.0,54.4
dummy_image_2.png,1,12.0,12.0,12.0,4.0,24.0,0.0,0.0,0.0,55.6
dummy_image_2.png,1,97.0,97.0,97.0,6.0,24.0,0.0,0.0,0.0,38.6
dummy_image_2.png,3,68.33,15.0,94.0,37.0,24.0,0.0,1.0,0.67,55.0
dummy_image_2.png,10,51.5,11.0,64.5,44.6,25.5,0.64,2.19,1.28,55.8
dummy_image_2.png,2,12.5,12.0,12.5,47.5,24.0,0.5,0.5,0.5,55.6
dummy_image_2.png,13,68.15,24.0,71.0,51.69,25.31,0.44,2.78,1.72,53.2
dummy_image_2.png,1,51.0,51.0,51.0,56.0,24.0,0.0,0.0,0.0,47.8
dummy_image_2.png,2,26.5,26.0,26.5,60.5,24.0,0.5,0.5,0.5,52.8
dummy_image_2.png,2,61.5,46.0,61.5,2.5,25.0,0.5,0.5,0.5,48.8
dummy_image_2.png,4,34.5,13.0,26.5,8.0,25.5,0.5,1.12,0.81,55.4
dummy_image_2.png,1,67.0,67.0,67.0,11.0,25.0,0.0,0.0,0.0,44.6
dummy_image_2.png,4,66.75,33.0,70.0,20.0,25.5,0.5,1.12,0.81,51.4
dummy_image_2.png,2,48.5,45.0,48.5,34.5,25.0,0.5,0.5,0.5,49.0
dummy_image_2.png,6,42.83,0.0,46.0,40.33,26.67,0.47,1.7,1.12,58.0
dummy_image_2.png,4,69.0,47.0,68.5,4.5,27.0,0.5,1.12,0.81,48.6
dummy_image_2.png,1,94.0,94.0,94.0,13.0,26.0,0.0,0.0,0.0,39.2
dummy_image_2.png,3,42.67,6.0,38.0,32.33,26.33,0.47,0.75,0.65,56.8
dummy_image_2.png,1,88.0,88.0,88.0,36.0,26.0,0.0,0.0,0.0,40.4
dummy_image_2.png,2,47.0,33.0,47.0,59.5,26.0,0.5,0.5,0.5,51.4
dummy_image_2.png,5,46.6,8.0,50.0,1.2,27.4,0.45,1.26,0.85,56.4
dummy_image_2.png,8,63.25,8.0,67.0,10.88,27.88,0.18,1.43,1.04,56.4
dummy_image_2.png,2,52.0,47.0,52.0,14.0,27.5,0.5,0.5,0.5,48.6
dummy_image_2.png,2,76.0,62.0,76.0,16.5,27.0,0.5,0.5,0.5,45.6
dummy_image_2.png,1,90.0,90.0,90.0,30.0,27.0,0.0,0.0,0.0,40.0
dummy_image_2.png,1,41.0,41.0,41.0,42.0,27.0,0.0,0.0,0.0,49.8
dummy_image_2.png,9,40.67,1.0,16.0,51.67,28.56,0.56,2.38,1.3,57.8
dummy_image_2.png,7,45.0,1.0,48.0,57.86,28.14,0.2,2.15,1.25,57.8
dummy_image_2.png,3,69.33,53.0,62.0,62.0,27.0,0.0,1.0,0.67,47.4
dummy_image_2.png,1,21.0,21.0,21.0,6.0,28.0,0.0,0.0,0.0,53.8
dummy_image_2.png,3,18.67,2.0,15.0,18.67,28.33,0.47,0.75,0.65,57.6
dummy_image_2.png,1,69.0,69.0,69.0,25.0,28.0,0.0,0.0,0.0,44.2
dummy_image_2.png,7,53.29,10.0,57.0,28.14,29.71,0.32,1.72,1.11,56.0
dummy_image_2.png,2,89.5,82.0,89.5,34.5,28.0,0.5,0.5,0.5,41.6
dummy_image_2.png,5,30.4,8.0,21.0,37.2,28.6,0.45,1.26,0.85,56.4
dummy_image_2.png,1,40.0,40.0,40.0,43.0,28.0,0.0,0.0,0.0,50.0
dummy_image_2.png,1,49.0,49.0,49.0,46.0,28.0,0.0,0.0,0.0,48.2
dummy_image_2.png,1,63.0,63.0,63.0,48.0,28.0,0.0,0.0,0.0,45.4
dummy_image_2.png,1,27.0,27.0,27.0,55.0,28.0,0.0,0.0,0.0,52.6
dummy_image_2.png,8,41.88,12.0,37.0,3.38,30.25,0.45,2.23,1.34,55.6
dummy_image_2.png,1,55.0,55.0,55.0,15.0,29.0,0.0,0.0,0.0,47.0
dummy_image_2.png,1,28.0,28.0,28.0,21.0,29.0,0.0,0.0,0.0,52.4
dummy_image_2.png,1,80.0,80.0,80.0,45.0,29.0,0.0,0.0,0.0,42.0
dummy_image_2.png,3,49.33,48.0,48.0,47.33,29.67,0.47,0.75,0.65,48.4
dummy_image_2.png,1,32.0,32.0,32.0,49.0,29.0,0.0,0.0,0.0,51.6
dummy_image_2.png,6,57.17,13.0,62.5,60.33,30.0,0.33,1.67,1.14,55.4
dummy_image_2.png,1,98.0,98.0,98.0,1.0,30.0,0.0,0.0,0.0,38.4
dummy_image_2.png,2,40.0,1.0,40.0,8.5,30.0,0.5,0.5,0.5,57.8
dummy_image_2.png,5,50.0,0.0,68.0,14.2,30.8,0.28,1.44,0.96,58.0
dummy_image_2.png,2,22.0,9.0,22.0,18.0,30.5,0.5,0.5,0.5,56.2
dummy_image_2.png,1,1.0,1.0,1.0,22.0,30.0,0.0,0.0,0.0,57.8
dummy_image_2.png,5,37.0,14.0,27.0,31.0,30.8,0.2,1.28,0.9,55.2
dummy_image_2.png,1,79.0,79.0,79.0,35.0,30.0,0.0,0.0,0.0,42.2
dummy_image_2.png,1,79.0,79.0,79.0,42.0,30.0,0.0,0.0,0.0,42.2
dummy_image_2.png,2,53.5,36.0,53.5,44.0,30.5,0.5,0.5,0.5,50.8
dummy_image_2.png,1,99.0,99.0,99.0,12.0,31.0,0.0,0.0,0.0,38.2
dummy_image_2.png,1,80.0,80.0,80.0,20.0,31.0,0.0,0.0,0.0,42.0
dummy_image_2.png,1,59.0,59.0,59.0,23.0,31.0,0.0,0.0,0.0,46.2
dummy_image_2.png,1,97.0,97.0,97.0,25.0,31.0,0.0,0.0,0.0,38.6
dummy_image_2.png,1,24.0,24.0,24.0,33.0,31.0,0.0,0.0,0.0,53.2
dummy_image_2.png,18,57.0,14.0,58.0,38.17,35.06,0.84,4.6,2.68,55.2
dummy_image_2.png,1,60.0,60.0,60.0,40.0,31.0,0.0,0.0,0.0,46.0
dummy_image_2.png,16,63.62,10.0,66.5,49.81,33.69,0.36,3.28,2.01,56.0
dummy_image_2.png,1,31.0,31.0,31.0,53.0,31.0,0.0,0.0,0.0,51.8
dummy_image_2.png,1,17.0,17.0,17.0,56.0,31.0,0.0,0.0,0.0,54.6
dummy_image_2.png,3,50.0,2.0,71.0,3.67,32.67,0.47,0.75,0.65,57.6
dummy_image_2.png,4,41.0,11.0,27.0,7.0,32.5,0.5,1.12,0.81,55.8
dummy_image_2.png,1,77.0,77.0,77.0,9.0,32.0,0.0,0.0,0.0,42.6
dummy_image_2.png,1,27.0,27.0,27.0,13.0,32.0,0.0,0.0,0.0,52.6
dummy_image_2.png,15,48.67,1.0,48.0,29.27,34.4,0.48,4.05,2.16,57.8
dummy_image_2.png,1,43.0,43.0,43.0,43.0,32.0,0.0,0.0,0.0,49.4
dummy_image_2.png,5,50.8,1.0,56.0,54.6,33.2,0.45,1.26,0.85,57.8
dummy_image_2.png,13,59.23,6.0,59.0,57.77,34.08,0.77,2.93,1.77,56.8
dummy_image_2.png,1,36.0,36.0,36.0,61.0,32.0,0.0,0.0,0.0,50.8
dummy_image_2.png,2,68.0,48.0,68.0,63.0,32.5,0.5,0.5,0.5,48.4
dummy_image_2.png,1,74.0,74.0,74.0,14.0,33.0,0.0,0.0,0.0,43.2
dummy_image_2.png,1,43.0,43.0,43.0,21.0,33.0,0.0,0.0,0.0,49.4
dummy_image_2.png,1,96.0,96.0,96.0,23.0,33.0,0.0,0.0,0.0,38.8
dummy_image_2.png,12,41.33,10.0,37.0,34.5,34.17,0.53,2.76,1.55,56.0
dummy_image_2.png,1,69.0,69.0,69.0,45.0,33.0,0.0,0.0,0.0,44.2
dummy_image_2.png,1,96.0,96.0,96.0,1.0,34.0,0.0,0.0,0.0,38.8
dummy_image_2.png,2,50.0,46.0,50.0,5.5,34.0,0.5,0.5,0.5,48.8
dummy_image_2.png,15,40.8,2.0,52.0,10.27,36.07,0.27,3.88,1.98,57.6
dummy_image_2.png,2,93.0,91.0,93.0,11.5,34.0,0.5,0.5,0.5,39.8
dummy_image_2.png,1,60.0,60.0,60.0,15.0,34.0,0.0,0.0,0.0,46.0
dummy_image_2.png,2,51.5,50.0,51.5,24.5,34.0,0.5,0.5,0.5,48.0
dummy_image_2.png,3,72.0,45.0,72.0,41.67,34.33,0.47,0.75,0.65,49.0
dummy_image_2.png,2,38.5,14.0,38.5,44.0,34.5,0.5,0.5,0.5,55.2
dummy_image_2.png,5,45.0,13.0,41.0,46.8,35.2,0.28,1.44,0.96,55.4
dummy_image_2.png,1,42.0,42.0,42.0,48.0,34.0,0.0,0.0,0.0,49.6
dummy_image_2.png,1,37.0,37.0,37.0,61.0,34.0,0.0,0.0,0.0,50.6
dummy_image_2.png,1,97.0,97.0,97.0,0.0,35.0,0.0,0.0,0.0,38.6
dummy_image_2.png,7,46.14,19.0,36.0,2.29,36.71,0.4,2.3,1.31,54.2
dummy_image_2.png,7,43.71,11.0,53.0,18.29,36.14,0.32,1.99,1.22,55.8
dummy_image_2.png,1,11.0,11.0,11.0,21.0,35.0,0.0,0.0,0.0,55.8
dummy_image_2.png,1,98.0,98.0,98.0,23.0,35.0,0.0,0.0,0.0,38.4
dummy_image_2.png,5,37.4,1.0,35.0,25.0,36.0,0.0,1.41,0.97,57.8
dummy_image_2.png,1,16.0,16.0,16.0,60.0,35.0,0.0,0.0,0.0,54.8
dummy_image_2.png,3,63.0,21.0,74.0,62.67,35.33,0.47,0.75,0.65,53.8
dummy_image_2.png,1,2.0,2.0,2.0,5.0,36.0,0.0,0.0,0.0,57.6
dummy_image_2.png,1,11.0,11.0,11.0,28.0,36.0,0.0,0.0,0.0,55.8
dummy_image_2.png,1,51.0,51.0,51.0,41.0,36.0,0.0,0.0,0.0,47.8
dummy_image_2.png,7,52.57,5.0,54.0,43.43,37.57,0.61,1.63,1.2,57.0
dummy_image_2.png,1,20.0,20.0,20.0,55.0,36.0,0.0,0.0,0.0,54.0
dummy_image_2.png,2,59.0,31.0,59.0,0.0,37.5,0.5,0.5,0.5,51.8
dummy_image_2.png,1,66.0,66.0,66.0,14.0,37.0,0.0,0.0,0.0,44.8
dummy_image_2.png,1,15.0,15.0,15.0,49.0,37.0,0.0,0.0,0.0,55.0
dummy_image_2.png,2,54.0,16.0,54.0,53.5,37.0,0.5,0.5,0.5,54.8
dummy_image_2.png,2,38.5,24.0,38.5,60.5,37.0,0.5,0.5,0.5,53.2
dummy_image_2.png,3,47.67,10.0,59.0,5.67,38.33,0.47,0.75,0.65,56.0
dummy_image_2.png,1,91.0,91.0,91.0,13.0,38.0,0.0,0.0,0.0,39.8
dummy_image_2.png,1,20.0,20.0,20.0,16.0,38.0,0.0,0.0,0.0,54.0
dummy_image_2.png,3,80.33,50.0,92.0,26.0,38.0,0.0,1.0,0.67,48.0
dummy_image_2.png,1,15.0,15.0,15.0,30.0,38.0,0.0,0.0,0.0,55.0
dummy_image_2.png,2,33.0,30.0,33.0,35.0,38.5,0.5,0.5,0.5,52.0
dummy_image_2.png,1,81.0,81.0,81.0,50.0,38.0,0.0,0.0,0.0,41.8
dummy_image_2.png,17,43.94,3.0,40.0,53.29,39.59,0.51,3.58,2.07,57.4
dummy_image_2.png,1,15.0,15.0,15.0,4.0,39.0,0.0,0.0,0.0,55.0
dummy_image_2.png,1,3.0,3.0,3.0,9.0,39.0,0.0,0.0,0.0,57.4
dummy_image_2.png,2,55.5,26.0,55.5,14.0,39.5,0.5,0.5,0.5,52.8
dummy_image_2.png,11,43.0,2.0,45.0,22.55,40.64,0.58,3.03,1.76,57.6
dummy_image_2.png,1,96.0,96.0,96.0,24.0,39.0,0.0,0.0,0.0,38.8
dummy_image_2.png,2,53.0,30.0,53.0,28.5,39.0,0.5,0.5,0.5,52.0
dummy_image_2.png,1,15.0,15.0,15.0,32.0,39.0,0.0,0.0,0.0,55.0
dummy_image_2.png,2,59.0,50.0,59.0,58.5,39.0,0.5,0.5,0.5,48.0
dummy_image_2.png,1,66.0,66.0,66.0,3.0,40.0,0.0,0.0,0.0,44.8
dummy_image_2.png,1,87.0,87.0,87.0,10.0,40.0,0.0,0.0,0.0,40.6
dummy_image_2.png,1,28.0,28.0,28.0,12.0,40.0,0.0,0.0,0.0,52.4
dummy_image_2.png,5,62.4,16.0,66.0,30.8,41.0,0.2,1.28,0.9,54.8
dummy_image_2.png,1,7.0,7.0,7.0,33.0,40.0,0.0,0.0,0.0,56.6
dummy_image_2.png,1,85.0,85.0,85.0,42.0,40.0,0.0,0.0,0.0,41.0
dummy_image_2.png,13,65.38,14.0,78.0,46.85,41.92,0.85,2.85,1.72,55.2
dummy_image_2.png,1,29.0,29.0,29.0,57.0,40.0,0.0,0.0,0.0,52.2
dummy_image_2.png,1,39.0,39.0,39.0,63.0,40.0,0.0,0.0,0.0,50.2
dummy_image_2.png,1,47.0,47.0,47.0,1.0,41.0,0.0,0.0,0.0,48.6
dummy_image_2.png,6,54.33,16.0,55.5,5.5,42.17,0.53,1.72,1.09,54.8
dummy_image_2.png,1,23.0,23.0,23.0,8.0,41.0,0.0,0.0,0.0,53.4
dummy_image_2.png,1,52.0,52.0,52.0,11.0,41.0,0.0,0.0,0.0,47.6
dummy_image_2.png,21,53.52,1.0,45.0,12.81,45.48,0.51,4.48,2.2,57.8
dummy_image_2.png,1,60.0,60.0,60.0,27.0,41.0,0.0,0.0,0.0,46.0
dummy_image_2.png,1,43.0,43.0,43.0,34.0,41.0,0.0,0.0,0.0,49.4
dummy_image_2.png,4,37.0,8.0,28.5,37.0,41.25,0.25,1.03,0.77,56.4
dummy_image_2.png,1,74.0,74.0,74.0,43.0,41.0,0.0,0.0,0.0,43.2
dummy_image_2.png,1,58.0,58.0,58.0,52.0,41.0,0.0,0.0,0.0,46.4
dummy_image_2.png,2,73.5,61.0,73.5,2.5,42.0,0.5,0.5,0.5,45.8
dummy_image_2.png,1,62.0,62.0,62.0,10.0,42.0,0.0,0.0,0.0,45.6
dummy_image_2.png,2,58.0,22.0,58.0,15.5,42.0,0.5,0.5,0.5,53.6
dummy_image_2.png,2,28.5,16.0,28.5,18.5,42.0,0.5,0.5,0.5,54.8
dummy_image_2.png,5,67.2,45.0,62.0,32.4,43.4,0.72,1.52,1.07,49.0
dummy_image_2.png,3,20.67,4.0,8.0,35.33,42.67,0.47,0.75,0.65,57.2
dummy_image_2.png,3,33.0,22.0,24.0,40.0,42.0,0.0,1.0,0.67,53.6
dummy_image_2.png,13,43.85,8.0,41.0,57.15,44.08,0.85,2.38,1.6,56.4
dummy_image_2.png,1,42.0,42.0,42.0,59.0,42.0,0.0,0.0,0.0,49.6
dummy_image_2.png,2,79.0,72.0,79.0,61.5,42.0,0.5,0.5,0.5,43.6
dummy_image_2.png,2,80.5,66.0,80.5,0.5,43.0,0.5,0.5,0.5,44.8
dummy_image_2.png,10,49.8,2.0,50.0,17.4,45.7,0.5,2.8,1.71,57.6
dummy_image_2.png,12,43.92,3.0,45.0,22.42,45.25,0.49,3.09,1.8,57.4
dummy_image_2.png,5,62.0,14.0,70.0,27.0,44.4,0.4,1.4,0.95,55.2
dummy_image_2.png,1,18.0,18.0,18.0,42.0,43.0,0.0,0.0,0.0,54.4
dummy_image_2.png,3,57.67,10.0,77.0,50.67,43.67,0.47,0.75,0.65,56.0
dummy_image_2.png,1,28.0,28.0,28.0,60.0,43.0,0.0,0.0,0.0,52.4
dummy_image_2.png,1,66.0,66.0,66.0,6.0,44.0,0.0,0.0,0.0,44.8
dummy_image_2.png,1,15.0,15.0,15.0,20.0,44.0,0.0,0.0,0.0,55.0
dummy_image_2.png,1,71.0,71.0,71.0,29.0,44.0,0.0,0.0,0.0,43.8
dummy_image_2.png,11,71.55,17.0,80.0,38.91,44.82,0.2,2.91,1.6,54.6
dummy_image_2.png,1,57.0,57.0,57.0,45.0,44.0,0.0,0.0,0.0,46.6
dummy_image_2.png,1,24.0,24.0,24.0,54.0,44.0,0.0,0.0,0.0,53.2
dummy_image_2.png,2,45.0,27.0,45.0,62.0,44.5,0.5,0.5,0.5,52.6
dummy_image_2.png,7,55.86,21.0,50.0,6.0,45.57,0.43,2.08,1.29,53.8
dummy_image_2.png,1,76.0,76.0,76.0,10.0,45.0,0.0,0.0,0.0,42.8
dummy_image_2.png,1,70.0,70.0,70.0,30.0,45.0,0.0,0.0,0.0,44.0
dummy_image_2.png,27,50.67,2.0,49.0,44.59,47.89,0.42,4.8,2.66,57.6
dummy_image_2.png,1,69.0,69.0,69.0,55.0,45.0,0.0,0.0,0.0,44.2
dummy_image_2.png,3,62.0,37.0,62.0,60.0,46.0,0.0,1.0,0.67,50.6
dummy_image_2.png,1,96.0,96.0,96.0,0.0,46.0,0.0,0.0,0.0,38.8
dummy_image_2.png,6,62.83,49.0,60.0,2.33,47.0,0.33,1.67,1.14,48.2
dummy_image_2.png,4,30.5,13.0,28.5,33.0,46.75,0.25,1.03,0.77,55.4
dummy_image_2.png,1,52.0,52.0,52.0,52.0,46.0,0.0,0.0,0.0,47.6
dummy_image_2.png,1,32.0,32.0,32.0,54.0,46.0,0.0,0.0,0.0,51.6
dummy_image_2.png,1,74.0,74.0,74.0,9.0,47.0,0.0,0.0,0.0,43.2
dummy_image_2.png,4,38.75,2.0,28.5,28.75,47.25,0.35,1.27,0.87,57.6
dummy_image_2.png,3,80.33,57.0,86.0,38.0,47.0,0.0,1.0,0.67,46.6
dummy_image_2.png,4,73.5,28.0,85.0,5.75,48.75,0.35,1.27,0.87,52.4
dummy_image_2.png,1,2.0,2.0,2.0,8.0,48.0,0.0,0.0,0.0,57.6
dummy_image_2.png,1,21.0,21.0,21.0,23.0,48.0,0.0,0.0,0.0,53.8
dummy_image_2.png,1,88.0,88.0,88.0,36.0,48.0,0.0,0.0,0.0,40.4
dummy_image_2.png,1,12.0,12.0,12.0,50.0,48.0,0.0,0.0,0.0,55.6
dummy_image_2.png,7,44.29,6.0,45.0,56.14,48.43,0.45,2.19,1.2,56.8
dummy_image_2.png,1,29.0,29.0,29.0,59.0,48.0,0.0,0.0,0.0,52.2
dummy_image_2.png,1,42.0,42.0,42.0,61.0,48.0,0.0,0.0,0.0,49.6
dummy_image_2.png,1,84.0,84.0,84.0,0.0,49.0,0.0,0.0,0.0,41.2
dummy_image_2.png,1,50.0,50.0,50.0,2.0,49.0,0.0,0.0,0.0,48.0
dummy_image_2.png,3,32.33,6.0,10.0,8.67,49.67,0.47,0.75,0.65,56.8
dummy_image_2.png,2,80.0,68.0,80.0,22.0,49.5,0.5,0.5,0.5,44.4
dummy_image_2.png,2,78.5,76.0,78.5,27.0,49.5,0.5,0.5,0.5,42.8
dummy_image_2.png,3,39.33,3.0,57.0,29.33,49.33,0.47,0.75,0.65,57.4
dummy_image_2.png,15,44.47,2.0,53.0,36.47,51.33,0.57,3.04,1.81,57.6
dummy_image_2.png,22,51.91,0.0,52.5,51.27,51.68,0.42,4.91,2.64,58.0
dummy_image_2.png,1,45.0,45.0,45.0,53.0,49.0,0.0,0.0,0.0,49.0
dummy_image_2.png,3,61.67,24.0,78.0,63.0,50.0,0.0,1.0,0.67,53.2
dummy_image_2.png,8,41.5,6.0,39.5,5.75,51.75,0.35,2.57,1.53,56.8
dummy_image_2.png,1,27.0,27.0,27.0,15.0,50.0,0.0,0.0,0.0,52.6
dummy_image_2.png,23,53.13,1.0,51.0,16.17,53.7,0.72,3.79,2.29,57.8
dummy_image_2.png,2,51.0,35.0,51.0,20.0,50.5,0.5,0.5,0.5,51.0
dummy_image_2.png,1,54.0,54.0,54.0,54.0,50.0,0.0,0.0,0.0,47.2
dummy_image_2.png,8,46.5,2.0,58.0,60.5,51.38,0.62,2.21,1.39,57.6
dummy_image_2.png,6,50.17,5.0,51.5,1.17,51.67,0.37,1.34,0.95,57.0
dummy_image_2.png,1,58.0,58.0,58.0,12.0,51.0,0.0,0.0,0.0,46.4
dummy_image_2.png,9,27.33,0.0,22.0,27.44,53.33,0.56,2.4,1.3,58.0
dummy_image_2.png,2,33.0,29.0,33.0,32.5,51.0,0.5,0.5,0.5,52.2
dummy_image_2.png,1,99.0,99.0,99.0,58.0,51.0,0.0,0.0,0.0,38.2
dummy_image_2.png,1,91.0,91.0,91.0,11.0,52.0,0.0,0.0,0.0,39.8
dummy_image_2.png,3,41.67,8.0,53.0,21.33,52.33,0.47,0.75,0.65,56.4
dummy_image_2.png,2,70.0,54.0,70.0,24.5,52.0,0.5,0.5,0.5,47.2
dummy_image_2.png,9,52.78,15.0,56.0,31.0,53.44,0.44,2.05,1.24,55.0
dummy_image_2.png,4,43.75,10.0,49.5,43.75,52.25,0.35,1.27,0.87,56.0
dummy_image_2.png,3,53.67,51.0,53.0,3.67,53.67,0.47,0.75,0.65,47.8
dummy_image_2.png,5,40.8,7.0,45.0,40.6,53.8,0.45,1.26,0.85,56.6
dummy_image_2.png,1,69.0,69.0,69.0,46.0,53.0,0.0,0.0,0.0,44.2
dummy_image_2.png,2,48.5,36.0,48.5,48.5,53.0,0.5,0.5,0.5,50.8
dummy_image_2.png,4,26.75,6.0,17.5,0.75,54.75,0.35,1.27,0.87,56.8
dummy_image_2.png,11,41.09,8.0,21.0,10.73,56.45,0.53,2.56,1.56,56.4
dummy_image_2.png,1,60.0,60.0,60.0,12.0,54.0,0.0,0.0,0.0,46.0
dummy_image_2.png,1,54.0,54.0,54.0,44.0,54.0,0.0,0.0,0.0,47.2
dummy_image_2.png,2,51.5,35.0,51.5,51.0,54.5,0.5,0.5,0.5,51.0
dummy_image_2.png,5,53.0,20.0,46.0,59.0,54.6,0.4,1.4,0.95,54.0
dummy_image_2.png,4,37.25,13.0,28.0,5.0,55.5,0.5,1.12,0.81,55.4
dummy_image_2.png,13,55.15,11.0,56.0,37.69,56.08,0.32,3.69,1.82,55.8
dummy_image_2.png,1,96.0,96.0,96.0,43.0,55.0,0.0,0.0,0.0,38.8
dummy_image_2.png,6,29.0,2.0,29.0,46.0,55.83,0.17,1.54,0.98,57.6
dummy_image_2.png,1,63.0,63.0,63.0,48.0,55.0,0.0,0.0,0.0,45.4
dummy_image_2.png,1,83.0,83.0,83.0,62.0,55.0,0.0,0.0,0.0,41.4
dummy_image_2.png,1,81.0,81.0,81.0,20.0,56.0,0.0,0.0,0.0,41.8
dummy_image_2.png,2,81.0,68.0,81.0,23.5,56.0,0.5,0.5,0.5,44.4
dummy_image_2.png,1,39.0,39.0,39.0,29.0,56.0,0.0,0.0,0.0,50.2
dummy_image_2.png,1,30.0,30.0,30.0,50.0,56.0,0.0,0.0,0.0,52.0
dummy_image_2.png,25,35.88,0.0,34.0,51.24,60.28,0.76,4.35,2.26,58.0
dummy_image_2.png,2,94.0,92.0,94.0,56.5,56.0,0.5,0.5,0.5,39.6
dummy_image_2.png,1,28.0,28.0,28.0,61.0,56.0,0.0,0.0,0.0,52.4
dummy_image_2.png,1,29.0,29.0,29.0,63.0,56.0,0.0,0.0,0.0,52.2
dummy_image_2.png,4,83.0,62.0,86.0,6.75,57.25,0.35,1.27,0.87,45.6
dummy_image_2.png,2,58.0,24.0,58.0,14.0,57.5,0.5,0.5,0.5,53.2
dummy_image_2.png,4,62.25,27.0,64.5,17.75,58.0,0.25,1.03,0.77,52.6
dummy_image_2.png,6,51.5,7.0,54.5,26.83,57.83,0.24,2.17,1.24,56.6
dummy_image_2.png,4,13.5,0.0,7.0,31.5,57.0,0.5,1.5,1.0,58.0
dummy_image_2.png,1,97.0,97.0,97.0,49.0,57.0,0.0,0.0,0.0,38.6
dummy_image_2.png,2,51.0,26.0,51.0,62.0,57.5,0.5,0.5,0.5,52.8
dummy_image_2.png,3,89.0,84.0,90.0,0.0,59.0,0.0,1.0,0.67,41.2
dummy_image_2.png,1,26.0,26.0,26.0,36.0,58.0,0.0,0.0,0.0,52.8
dummy_image_2.png,2,50.0,47.0,50.0,42.5,58.0,0.5,0.5,0.5,48.6
dummy_image_2.png,3,46.67,33.0,43.0,58.0,58.0,0.0,1.0,0.67,51.4
dummy_image_2.png,2,17.0,10.0,17.0,4.5,59.0,0.5,0.5,0.5,56.0
dummy_image_2.png,1,41.0,41.0,41.0,13.0,59.0,0.0,0.0,0.0,49.8
dummy_image_2.png,4,82.0,50.0,90.0,15.25,59.75,0.35,1.27,0.87,48.0
dummy_image_2.png,13,51.15,2.0,42.0,19.23,61.08,0.24,3.77,1.96,57.6
dummy_image_2.png,1,52.0,52.0,52.0,23.0,59.0,0.0,0.0,0.0,47.6
dummy_image_2.png,1,21.0,21.0,21.0,30.0,59.0,0.0,0.0,0.0,53.8
dummy_image_2.png,1,37.0,37.0,37.0,34.0,59.0,0.0,0.0,0.0,50.6
dummy_image_2.png,1,31.0,31.0,31.0,37.0,59.0,0.0,0.0,0.0,51.8
dummy_image_2.png,3,55.67,26.0,61.0,60.67,59.33,0.47,0.75,0.65,52.8
dummy_image_2.png,1,19.0,19.0,19.0,63.0,59.0,0.0,0.0,0.0,54.2
dummy_image_2.png,1,98.0,98.0,98.0,3.0,60.0,0.0,0.0,0.0,38.4
dummy_image_2.png,2,24.5,20.0,24.5,7.5,60.0,0.5,0.5,0.5,54.0
dummy_image_2.png,2,80.5,75.0,80.5,10.5,60.0,0.5,0.5,0.5,43.0
dummy_image_2.png,4,23.75,3.0,24.0,25.5,60.0,0.5,1.5,1.0,57.4
dummy_image_2.png,1,5.0,5.0,5.0,31.0,60.0,0.0,0.0,0.0,57.0
dummy_image_2.png,2,37.0,1.0,37.0,38.5,60.0,0.5,0.5,0.5,57.8
dummy_image_2.png,1,98.0,98.0,98.0,41.0,60.0,0.0,0.0,0.0,38.4
dummy_image_2.png,13,55.0,7.0,69.0,44.38,61.85,0.41,2.65,1.58,56.6
dummy_image_2.png,2,58.5,24.0,58.5,46.5,60.0,0.5,0.5,0.5,53.2
dummy_image_2.png,2,59.5,47.0,59.5,55.0,60.5,0.5,0.5,0.5,48.6
dummy_image_2.png,12,47.58,0.0,44.0,58.42,61.5,0.65,2.47,1.53,58.0
dummy_image_2.png,1,42.0,42.0,42.0,2.0,61.0,0.0,0.0,0.0,49.6
dummy_image_2.png,2,88.0,80.0,88.0,5.5,61.0,0.5,0.5,0.5,42.0
dummy_image_2.png,3,36.0,18.0,41.0,12.67,61.33,0.47,0.75,0.65,54.4
dummy_image_2.png,9,45.0,8.0,35.0,30.0,62.44,0.44,2.08,1.37,56.4
dummy_image_2.png,1,13.0,13.0,13.0,34.0,61.0,0.0,0.0,0.0,55.4
dummy_image_2.png,1,26.0,26.0,26.0,36.0,61.0,0.0,0.0,0.0,52.8
dummy_image_2.png,4,66.5,32.0,68.0,39.25,61.75,0.35,1.27,0.87,51.6
dummy_image_2.png,1,34.0,34.0,34.0,42.0,61.0,0.0,0.0,0.0,51.2
dummy_image_2.png,1,7.0,7.0,7.0,63.0,61.0,0.0,0.0,0.0,56.6
dummy_image_2.png,1,36.0,36.0,36.0,0.0,62.0,0.0,0.0,0.0,50.8
dummy_image_2.png,1,80.0,80.0,80.0,4.0,62.0,0.0,0.0,0.0,42.0
dummy_image_2.png,1,34.0,34.0,34.0,7.0,62.0,0.0,0.0,0.0,51.2
dummy_image_2.png,5,73.0,42.0,76.0,10.6,62.4,0.57,1.65,1.04,49.6
dummy_image_2.png,4,55.5,22.0,54.0,23.25,62.75,0.35,1.27,0.87,53.6
dummy_image_2.png,1,97.0,97.0,97.0,26.0,62.0,0.0,0.0,0.0,38.6
dummy_image_2.png,3,53.33,14.0,48.0,34.67,62.67,0.47,0.75,0.65,55.2
dummy_image_2.png,1,57.0,57.0,57.0,62.0,62.0,0.0,0.0,0.0,46.6
dummy_image_2.png,1,13.0,13.0,13.0,3.0,63.0,0.0,0.0,0.0,55.4
dummy_image_2.png,1,67.0,67.0,67.0,6.0,63.0,0.0,0.0,0.0,44.6
dummy_image_2.png,2,64.0,53.0,64.0,14.5,63.0,0.5,0.5,0.5,47.4
dummy_image_2.png,1,10.0,10.0,10.0,37.0,63.0,0.0,0.0,0.0,56.0
dummy_image_3.png,1,86.0,86.0,86.0,1.0,0.0,0.0,0.0,0.0,40.8
dummy_image_3.png,1,92.0,92.0,92.0,8.0,0.0,0.0,0.0,0.0,39.6
dummy_image_3.png,3,33.67,12.0,16.0,10.0,1.0,0.0,1.0,0.67,55.6
dummy_image_3.png,8,54.12,19.0,51.0,14.25,0.62,0.45,2.82,1.53,54.2
dummy_image_3.png,2,50.0,47.0,50.0,23.5,0.0,0.5,0.5,0.5,48.6
dummy_image_3.png,1,87.0,87.0,87.0,29.0,0.0,0.0,0.0,0.0,40.6
dummy_image_3.png,2,97.0,96.0,97.0,31.5,0.0,0.5,0.5,0.5,38.8
dummy_image_3.png,22,49.64,1.0,55.0,36.5,2.36,0.62,3.93,2.19,57.8
dummy_image_3.png,3,51.33,24.0,38.0,41.67,0.33,0.47,0.75,0.65,53.2
dummy_image_3.png,3,83.0,62.0,90.0,45.0,0.0,0.0,1.0,0.67,45.6
dummy_image_3.png,2,40.0,28.0,40.0,51.5,0.0,0.5,0.5,0.5,52.4
dummy_image_3.png,34,45.21,0.0,48.0,52.56,4.59,0.6,5.43,3.09,58.0
dummy_image_3.png,8,62.25,24.0,76.5,61.5,0.75,0.56,1.95,1.2,53.2
dummy_image_3.png,16,49.69,0.0,52.5,1.5,3.62,0.62,3.41,2.06,58.0
dummy_image_3.png,1,48.0,48.0,48.0,6.0,1.0,0.0,0.0,0.0,48.4
dummy_image_3.png,4,74.25,70.0,74.0,17.75,2.0,0.25,1.03,0.77,44.0
dummy_image_3.png,1,28.0,28.0,28.0,20.0,1.0,0.0,0.0,0.0,52.4
dummy_image_3.png,11,32.64,0.0,11.0,22.45,2.36,0.58,2.57,1.43,58.0
dummy_image_3.png,10,33.9,3.0,31.0,58.9,2.7,0.32,2.55,1.47,57.4
dummy_image_3.png,4,33.0,1.0,33.0,7.25,2.75,0.35,1.27,0.87,57.8
dummy_image_3.png,1,30.0,30.0,30.0,15.0,2.0,0.0,0.0,0.0,52.0
dummy_image_3.png,3,55.0,27.0,45.0,26.67,2.67,0.47,0.75,0.65,52.6
dummy_image_3.png,2,67.5,56.0,67.5,30.5,2.0,0.5,0.5,0.5,46.8
dummy_image_3.png,3,82.33,62.0,91.0,15.67,3.67,0.47,0.75,0.65,45.6
dummy_image_3.png,2,59.0,55.0,59.0,42.5,3.0,0.5,0.5,0.5,47.0
dummy_image_3.png,13,42.38,3.0,42.0,46.0,5.54,0.46,3.46,1.71,57.4
dummy_image_3.png,9,53.67,6.0,59.0,12.11,5.33,0.35,2.0,1.36,56.8
dummy_image_3.png,17,45.24,7.0,53.0,22.06,6.06,0.08,4.08,2.41,56.6
dummy_image_3.png,3,23.33,4.0,19.0,28.33,4.33,0.47,0.75,0.65,57.2
dummy_image_3.png,4,21.75,3.0,21.0,31.75,4.25,0.35,1.27,0.87,57.4
dummy_image_3.png,11,50.55,19.0,44.0,41.64,6.27,0.45,2.38,1.56,54.2
dummy_image_3.png,1,80.0,80.0,80.0,44.0,4.0,0.0,0.0,0.0,42.0
dummy_image_3.png,4,69.75,62.0,68.0,57.5,5.0,0.5,1.12,0.81,45.6
dummy_image_3.png,5,45.0,4.0,59.0,49.6,5.8,0.45,1.26,0.85,57.2
dummy_image_3.png,42,47.14,2.0,48.5,8.0,10.69,1.05,6.99,3.71,57.6
dummy_image_3.png,4,43.0,12.0,36.5,16.25,6.75,0.35,1.27,0.87,55.6
dummy_image_3.png,4,41.75,21.0,36.5,56.0,6.5,0.5,1.12,0.81,53.8
dummy_image_3.png,2,18.5,6.0,18.5,60.0,6.5,0.5,0.5,0.5,56.8
dummy_image_3.png,8,49.12,6.0,56.5,61.88,7.75,0.28,2.25,1.29,56.8
dummy_image_3.png,1,68.0,68.0,68.0,27.0,7.0,0.0,0.0,0.0,44.4
dummy_image_3.png,12,46.0,4.0,51.5,29.67,9.83,0.37,2.91,1.78,57.2
dummy_image_3.png,7,40.86,10.0,40.0,36.57,9.0,0.43,1.86,1.22,56.0
dummy_image_3.png,3,32.67,0.0,36.0,48.67,8.67,0.47,0.75,0.65,58.0
dummy_image_3.png,1,91.0,91.0,91.0,12.0,9.0,0.0,0.0,0.0,39.8
dummy_image_3.png,7,37.71,18.0,24.0,15.0,10.0,0.0,2.0,1.14,54.4
dummy_image_3.png,1,60.0,60.0,60.0,21.0,9.0,0.0,0.0,0.0,46.0
dummy_image_3.png,1,1.0,1.0,1.0,25.0,9.0,0.0,0.0,0.0,57.8
dummy_image_3.png,1,60.0,60.0,60.0,27.0,9.0,0.0,0.0,0.0,46.0
dummy_image_3.png,1,97.0,97.0,97.0,32.0,9.0,0.0,0.0,0.0,38.6
dummy_image_3.png,1,93.0,93.0,93.0,41.0,9.0,0.0,0.0,0.0,39.4
dummy_image_3.png,1,26.0,26.0,26.0,56.0,9.0,0.0,0.0,0.0,52.8
dummy_image_3.png,1,1.0,1.0,1.0,26.0,10.0,0.0,0.0,0.0,57.8
dummy_image_3.png,1,2.0,2.0,2.0,28.0,10.0,0.0,0.0,0.0,57.6
dummy_image_3.png,3,51.67,9.0,61.0,33.33,10.33,0.47,0.75,0.65,56.2
dummy_image_3.png,20,55.5,10.0,58.0,43.6,11.65,0.53,4.65,2.45,56.0
dummy_image_3.png,1,92.0,92.0,92.0,59.0,10.0,0.0,0.0,0.0,39.6
dummy_image_3.png,3,51.33,30.0,43.0,62.67,10.67,0.47,0.75,0.65,52.0
dummy_image_3.png,2,31.0,11.0,31.0,2.0,11.5,0.5,0.5,0.5,55.8
dummy_image_3.png,1,8.0,8.0,8.0,12.0,11.0,0.0,0.0,0.0,56.4
dummy_image_3.png,1,33.0,33.0,33.0,25.0,11.0,0.0,0.0,0.0,51.4
dummy_image_3.png,16,40.25,0.0,43.0,54.56,12.56,0.71,4.21,2.21,58.0
dummy_image_3.png,16,51.19,21.0,52.0,22.88,13.06,0.14,5.13,2.47,53.8
dummy_image_3.png,3,23.33,11.0,21.0,50.33,12.67,0.47,0.75,0.65,55.8
dummy_image_3.png,12,58.58,1.0,63.0,61.17,13.5,0.53,3.5,1.78,57.8
dummy_image_3.png,1,29.0,29.0,29.0,0.0,13.0,0.0,0.0,0.0,52.2
dummy_image_3.png,8,55.62,6.0,59.5,3.38,14.88,0.4,1.98,1.43,56.8
dummy_image_3.png,2,59.5,34.0,59.5,33.5,13.0,0.5,0.5,0.5,51.2
dummy_image_3.png,8,38.12,2.0,35.5,38.38,13.88,0.4,2.38,1.3,57.6
dummy_image_3.png,6,55.83,29.0,52.0,15.33,14.5,0.6,1.74,1.12,52.2
dummy_image_3.png,1,39.0,39.0,39.0,31.0,14.0,0.0,0.0,0.0,50.2
dummy_image_3.png,3,44.0,16.0,38.0,48.67,14.33,0.47,0.75,0.65,54.8
dummy_image_3.png,1,41.0,41.0,41.0,54.0,14.0,0.0,0.0,0.0,49.8
dummy_image_3.png,1,88.0,88.0,88.0,58.0,14.0,0.0,0.0,0.0,40.4
dummy_image_3.png,1,8.0,8.0,8.0,7.0,15.0,0.0,0.0,0.0,56.4
dummy_image_3.png,1,60.0,60.0,60.0,13.0,15.0,0.0,0.0,0.0,46.0
dummy_image_3.png,1,50.0,50.0,50.0,18.0,15.0,0.0,0.0,0.0,48.0
dummy_image_3.png,1,73.0,73.0,73.0,20.0,15.0,0.0,0.0,0.0,43.4
dummy_image_3.png,1,74.0,74.0,74.0,26.0,15.0,0.0,0.0,0.0,43.2
dummy_image_3.png,1,4.0,4.0,4.0,28.0,15.0,0.0,0.0,0.0,57.2
dummy_image_3.png,1,75.0,75.0,75.0,33.0,15.0,0.0,0.0,0.0,43.0
dummy_image_3.png,1,6.0,6.0,6.0,35.0,15.0,0.0,0.0,0.0,56.8
dummy_image_3.png,14,48.5,2.0,45.0,44.36,16.5,0.61,3.94,1.98,57.6
dummy_image_3.png,3,56.0,44.0,57.0,59.67,15.67,0.47,0.75,0.65,49.2
dummy_image_3.png,1,69.0,69.0,69.0,17.0,16.0,0.0,0.0,0.0,44.2
dummy_image_3.png,1,84.0,84.0,84.0,19.0,16.0,0.0,0.0,0.0,41.2
dummy_image_3.png,2,36.0,33.0,36.0,25.0,16.5,0.5,0.5,0.5,51.4
dummy_image_3.png,2,60.0,34.0,60.0,27.0,16.5,0.5,0.5,0.5,51.2
dummy_image_3.png,1,41.0,41.0,41.0,32.0,16.0,0.0,0.0,0.0,49.8
dummy_image_3.png,1,68.0,68.0,68.0,38.0,16.0,0.0,0.0,0.0,44.4
dummy_image_3.png,1,62.0,62.0,62.0,48.0,16.0,0.0,0.0,0.0,45.6
dummy_image_3.png,1,40.0,40.0,40.0,50.0,16.0,0.0,0.0,0.0,50.0
dummy_image_3.png,4,71.25,23.0,84.5,54.0,16.5,0.5,1.12,0.81,53.4
dummy_image_3.png,1,51.0,51.0,51.0,9.0,17.0,0.0,0.0,0.0,47.8
dummy_image_3.png,1,2.0,2.0,2.0,16.0,17.0,0.0,0.0,0.0,57.6
dummy_image_3.png,1,50.0,50.0,50.0,21.0,17.0,0.0,0.0,0.0,48.0
dummy_image_3.png,1,75.0,75.0,75.0,30.0,17.0,0.0,0.0,0.0,43.0
dummy_image_3.png,4,53.75,20.0,57.0,37.0,17.75,0.25,1.03,0.77,54.0
dummy_image_3.png,1,53.0,53.0,53.0,40.0,17.0,0.0,0.0,0.0,47.4
dummy_image_3.png,1,84.0,84.0,84.0,6.0,18.0,0.0,0.0,0.0,41.2
dummy_image_3.png,1,16.0,16.0,16.0,8.0,18.0,0.0,0.0,0.0,54.8
dummy_image_3.png,4,31.25,9.0,26.0,10.0,18.75,0.25,1.03,0.77,56.2
dummy_image_3.png,4,62.0,48.0,56.0,14.0,18.25,0.25,1.03,0.77,48.4
dummy_image_3.png,2,29.0,0.0,29.0,17.5,18.0,0.5,0.5,0.5,58.0
dummy_image_3.png,1,46.0,46.0,46.0,24.0,18.0,0.0,0.0,0.0,48.8
dummy_image_3.png,2,43.5,30.0,43.5,32.0,18.5,0.5,0.5,0.5,52.0
dummy_image_3.png,1,5.0,5.0,5.0,50.0,18.0,0.0,0.0,0.0,57.0
dummy_image_3.png,2,76.0,68.0,76.0,52.5,18.0,0.5,0.5,0.5,44.4
dummy_image_3.png,4,59.25,32.0,59.5,58.75,18.75,0.35,1.27,0.87,51.6
dummy_image_3.png,1,96.0,96.0,96.0,62.0,18.0,0.0,0.0,0.0,38.8
dummy_image_3.png,1,80.0,80.0,80.0,3.0,19.0,0.0,0.0,0.0,42.0
dummy_image_3.png,7,48.71,4.0,50.0,5.71,20.14,0.32,1.72,1.11,57.2
dummy_image_3.png,1,55.0,55.0,55.0,21.0,19.0,0.0,0.0,0.0,47.0
dummy_image_3.png,1,33.0,33.0,33.0,23.0,19.0,0.0,0.0,0.0,51.4
dummy_image_3.png,6,54.33,6.0,55.5,25.33,21.17,0.37,2.19,1.28,56.8
dummy_image_3.png,3,65.67,60.0,66.0,28.67,19.33,0.47,0.75,0.65,46.0
dummy_image_3.png,1,39.0,39.0,39.0,35.0,19.0,0.0,0.0,0.0,50.2
dummy_image_3.png,23,53.22,6.0,69.0,43.04,22.13,0.97,4.34,2.51,56.8
dummy_image_3.png,2,48.5,45.0,48.5,61.0,19.5,0.5,0.5,0.5,49.0
dummy_image_3.png,1,28.0,28.0,28.0,0.0,20.0,0.0,0.0,0.0,52.4
dummy_image_3.png,4,61.5,43.0,58.5,12.5,20.5,0.71,0.71,0.71,49.4
dummy_image_3.png,4,62.5,43.0,61.0,15.75,20.25,0.35,1.27,0.87,49.4
dummy_image_3.png,2,62.5,33.0,62.5,19.0,20.5,0.5,0.5,0.5,51.4
dummy_image_3.png,1,17.0,17.0,17.0,27.0,20.0,0.0,0.0,0.0,54.6
dummy_image_3.png,1,96.0,96.0,96.0,31.0,20.0,0.0,0.0,0.0,38.8
dummy_image_3.png,1,7.0,7.0,7.0,40.0,20.0,0.0,0.0,0.0,56.6
dummy_image_3.png,1,20.0,20.0,20.0,46.0,20.0,0.0,0.0,0.0,54.0
dummy_image_3.png,1,79.0,79.0,79.0,48.0,20.0,0.0,0.0,0.0,42.2
dummy_image_3.png,6,62.5,36.0,67.0,52.17,20.33,0.37,2.19,1.28,50.8
dummy_image_3.png,5,52.0,14.0,36.0,56.4,20.8,0.45,1.26,0.85,55.2
dummy_image_3.png,3,37.0,9.0,36.0,63.0,21.0,0.0,1.0,0.67,56.2
dummy_image_3.png,1,31.0,31.0,31.0,23.0,21.0,0.0,0.0,0.0,51.8
dummy_image_3.png,8,29.25,4.0,13.5,29.0,22.5,0.5,1.8,1.13,57.2
dummy_image_3.png,3,45.33,10.0,56.0,32.67,21.33,0.47,0.75,0.65,56.0
dummy_image_3.png,1,50.0,50.0,50.0,35.0,21.0,0.0,0.0,0.0,48.0
dummy_image_3.png,6,51.17,28.0,53.5,37.0,22.17,0.17,1.83,1.09,52.4
dummy_image_3.png,1,66.0,66.0,66.0,49.0,21.0,0.0,0.0,0.0,44.8
dummy_image_3.png,1,64.0,64.0,64.0,0.0,22.0,0.0,0.0,0.0,45.2
dummy_image_3.png,3,48.0,28.0,40.0,2.33,22.67,0.47,0.75,0.65,52.4
dummy_image_3.png,2,78.5,69.0,78.5,7.5,22.0,0.5,0.5,0.5,44.2
dummy_image_3.png,23,53.39,0.0,68.0,13.35,26.26,0.43,4.86,2.81,58.0
dummy_image_3.png,3,76.33,71.0,73.0,16.33,22.67,0.47,0.75,0.65,43.8
dummy_image_3.png,8,33.25,1.0,32.5,21.75,22.88,0.28,2.25,1.29,57.8
dummy_image_3.png,2,12.5,5.0,12.5,48.0,22.5,0.5,0.5,0.5,57.0
dummy_image_3.png,5,44.6,17.0,33.0,51.2,23.2,0.28,1.81,1.12,54.6
dummy_image_3.png,4,79.75,37.0,91.5,58.0,22.5,0.5,1.12,0.81,50.6
dummy_image_3.png,11,62.64,28.0,56.0,4.18,24.82,0.26,3.19,1.57,52.4
dummy_image_3.png,1,84.0,84.0,84.0,32.0,23.0,0.0,0.0,0.0,41.2
dummy_image_3.png,3,23.0,12.0,26.0,34.67,23.33,0.47,0.75,0.65,55.6
dummy_image_3.png,1,15.0,15.0,15.0,0.0,24.0,0.0,0.0,0.0,55.0
dummy_image_3.png,7,58.57,2.0,80.0,30.0,25.43,0.43,1.86,1.22,57.6
dummy_image_3.png,6,46.0,2.0,46.0,40.33,25.83,0.37,2.19,1.28,57.6
dummy_image_3.png,1,71.0,71.0,71.0,49.0,24.0,0.0,0.0,0.0,43.8
dummy_image_3.png,1,0.0,0.0,0.0,53.0,24.0,0.0,0.0,0.0,58.0
dummy_image_3.png,2,61.5,42.0,61.5,55.5,24.0,0.5,0.5,0.5,49.6
dummy_image_3.png,1,65.0,65.0,65.0,59.0,24.0,0.0,0.0,0.0,45.0
dummy_image_3.png,1,65.0,65.0,65.0,61.0,24.0,0.0,0.0,0.0,45.0
dummy_image_3.png,4,54.5,27.0,47.5,10.25,26.0,0.25,1.03,0.77,52.6
dummy_image_3.png,14,36.36,1.0,23.0,18.71,26.79,0.84,2.83,1.81,57.8
dummy_image_3.png,4,54.5,22.0,51.5,23.25,25.75,0.35,1.27,0.87,53.6
dummy_image_3.png,1,25.0,25.0,25.0,38.0,25.0,0.0,0.0,0.0,53.0
dummy_image_3.png,1,98.0,98.0,98.0,63.0,25.0,0.0,0.0,0.0,38.4
dummy_image_3.png,15,37.8,0.0,44.0,1.67,28.47,0.57,2.98,1.78,58.0
dummy_image_3.png,2,33.0,8.0,33.0,34.0,26.5,0.5,0.5,0.5,56.4
dummy_image_3.png,23,55.91,0.0,63.0,47.09,29.04,0.1,4.22,2.48,58.0
dummy_image_3.png,7,36.43,1.0,30.0,57.43,26.43,0.61,1.67,1.2,57.8
dummy_image_3.png,6,58.5,45.0,47.5,62.33,27.17,0.37,1.95,1.18,49.0
dummy_image_3.png,3,57.67,3.0,71.0,6.33,27.33,0.47,0.75,0.65,57.4
dummy_image_3.png,3,53.33,44.0,52.0,26.0,27.0,0.0,1.0,0.67,49.2
dummy_image_3.png,1,22.0,22.0,22.0,36.0,27.0,0.0,0.0,0.0,53.6
dummy_image_3.png,1,55.0,55.0,55.0,38.0,27.0,0.0,0.0,0.0,47.0
dummy_image_3.png,1,64.0,64.0,64.0,51.0,27.0,0.0,0.0,0.0,45.2
dummy_image_3.png,2,67.5,67.0,67.5,54.0,27.5,0.5,0.5,0.5,44.6
dummy_image_3.png,3,68.0,30.0,86.0,23.67,28.33,0.47,0.75,0.65,52.0
dummy_image_3.png,1,23.0,23.0,23.0,30.0,28.0,0.0,0.0,0.0,53.4
dummy_image_3.png,8,51.0,7.0,50.5,32.88,29.12,0.18,2.4,1.49,56.6
dummy_image_3.png,1,5.0,5.0,5.0,37.0,28.0,0.0,0.0,0.0,57.0
dummy_image_3.png,1,5.0,5.0,5.0,52.0,28.0,0.0,0.0,0.0,57.0
dummy_image_3.png,1,48.0,48.0,48.0,60.0,28.0,0.0,0.0,0.0,48.4
dummy_image_3.png,1,16.0,16.0,16.0,7.0,29.0,0.0,0.0,0.0,54.8
dummy_image_3.png,1,37.0,37.0,37.0,11.0,29.0,0.0,0.0,0.0,50.6
dummy_image_3.png,9,51.22,5.0,55.0,24.44,31.22,0.5,2.71,1.53,57.0
dummy_image_3.png,2,63.0,63.0,63.0,28.0,29.5,0.5,0.5,0.5,45.4
dummy_image_3.png,5,14.2,0.0,12.0,41.8,30.6,0.45,1.61,1.0,58.0
dummy_image_3.png,1,26.0,26.0,26.0,56.0,29.0,0.0,0.0,0.0,52.8
dummy_image_3.png,14,48.5,1.0,57.5,61.79,32.86,0.26,3.94,2.01,57.8
dummy_image_3.png,1,32.0,32.0,32.0,6.0,30.0,0.0,0.0,0.0,51.6
dummy_image_3.png,2,80.0,67.0,80.0,8.5,30.0,0.5,0.5,0.5,44.6
dummy_image_3.png,1,36.0,36.0,36.0,20.0,30.0,0.0,0.0,0.0,50.8
dummy_image_3.png,2,27.0,16.0,27.0,22.0,30.5,0.5,0.5,0.5,54.8
dummy_image_3.png,1,9.0,9.0,9.0,40.0,30.0,0.0,0.0,0.0,56.2
dummy_image_3.png,1,2.0,2.0,2.0,57.0,30.0,0.0,0.0,0.0,57.6
dummy_image_3.png,3,51.0,10.0,50.0,2.67,31.33,0.47,0.75,0.65,56.0
dummy_image_3.png,5,42.4,1.0,46.0,9.8,31.8,0.28,1.44,0.96,57.8
dummy_image_3.png,1,17.0,17.0,17.0,19.0,31.0,0.0,0.0,0.0,54.6
dummy_image_3.png,9,55.78,19.0,47.0,33.44,33.0,0.44,2.08,1.47,54.2
dummy_image_3.png,11,48.45,9.0,56.0,38.55,32.36,0.58,2.89,1.6,56.2
dummy_image_3.png,12,35.17,0.0,33.5,54.08,32.83,0.84,2.65,1.74,58.0
dummy_image_3.png,4,34.25,2.0,40.0,58.75,31.75,0.35,1.27,0.87,57.6
dummy_image_3.png,1,59.0,59.0,59.0,63.0,31.0,0.0,0.0,0.0,46.2
dummy_image_3.png,1,1.0,1.0,1.0,14.0,32.0,0.0,0.0,0.0,57.8
dummy_image_3.png,3,16.67,15.0,17.0,16.67,32.67,0.47,0.75,0.65,55.0
dummy_image_3.png,1,9.0,9.0,9.0,20.0,32.0,0.0,0.0,0.0,56.2
dummy_image_3.png,7,42.0,2.0,34.0,28.86,33.71,0.32,1.92,1.32,57.6
dummy_image_3.png,1,41.0,41.0,41.0,47.0,32.0,0.0,0.0,0.0,49.8
dummy_image_3.png,1,7.0,7.0,7.0,1.0,33.0,0.0,0.0,0.0,56.6
dummy_image_3.png,1,40.0,40.0,40.0,5.0,33.0,0.0,0.0,0.0,50.0
dummy_image_3.png,1,90.0,90.0,90.0,12.0,33.0,0.0,0.0,0.0,40.0
dummy_image_3.png,1,30.0,30.0,30.0,19.0,33.0,0.0,0.0,0.0,52.0
dummy_image_3.png,3,37.67,14.0,35.0,20.67,33.67,0.47,0.75,0.65,55.2
dummy_image_3.png,1,86.0,86.0,86.0,27.0,33.0,0.0,0.0,0.0,40.8
dummy_image_3.png,1,30.0,30.0,30.0,36.0,33.0,0.0,0.0,0.0,52.0
dummy_image_3.png,1,57.0,57.0,57.0,43.0,33.0,0.0,0.0,0.0,46.6
dummy_image_3.png,4,28.25,15.0,18.0,45.25,34.25,0.35,1.27,0.87,55.0
dummy_image_3.png,1,70.0,70.0,70.0,49.0,33.0,0.0,0.0,0.0,44.0
dummy_image_3.png,1,89.0,89.0,89.0,57.0,33.0,0.0,0.0,0.0,40.2
dummy_image_3.png,2,38.0,0.0,38.0,4.0,34.5,0.5,0.5,0.5,58.0
dummy_image_3.png,10,36.4,5.0,19.5,7.6,35.8,0.45,2.41,1.5,57.0
dummy_image_3.png,1,99.0,99.0,99.0,10.0,34.0,0.0,0.0,0.0,38.2
dummy_image_3.png,9,60.33,32.0,57.0,13.67,35.56,0.65,2.05,1.42,51.6
dummy_image_3.png,9,20.89,0.0,9.0,24.44,35.0,0.44,2.44,1.3,58.0
dummy_image_3.png,1,63.0,63.0,63.0,47.0,34.0,0.0,0.0,0.0,45.4
dummy_image_3.png,3,29.67,22.0,33.0,50.67,34.67,0.47,0.75,0.65,53.6
dummy_image_3.png,1,78.0,78.0,78.0,56.0,34.0,0.0,0.0,0.0,42.4
dummy_image_3.png,1,71.0,71.0,71.0,60.0,34.0,0.0,0.0,0.0,43.8
dummy_image_3.png,4,46.5,5.0,42.0,0.25,36.0,0.25,1.03,0.77,57.0
dummy_image_3.png,1,43.0,43.0,43.0,37.0,35.0,0.0,0.0,0.0,49.4
dummy_image_3.png,2,18.0,16.0,18.0,41.5,35.0,0.5,0.5,0.5,54.8
dummy_image_3.png,1,9.0,9.0,9.0,58.0,35.0,0.0,0.0,0.0,56.2
dummy_image_3.png,1,52.0,52.0,52.0,6.0,36.0,0.0,0.0,0.0,47.6
dummy_image_3.png,1,26.0,26.0,26.0,11.0,36.0,0.0,0.0,0.0,52.8
dummy_image_3.png,3,43.67,3.0,33.0,17.0,36.0,0.0,1.0,0.67,57.4
dummy_image_3.png,6,38.33,3.0,34.5,21.0,37.5,0.5,1.8,1.14,57.4
dummy_image_3.png,1,10.0,10.0,10.0,27.0,36.0,0.0,0.0,0.0,56.0
dummy_image_3.png,5,18.0,8.0,19.0,37.8,36.8,0.28,1.44,0.96,56.4
dummy_image_3.png,3,42.67,5.0,50.0,48.0,36.0,0.0,1.0,0.67,57.0
dummy_image_3.png,1,30.0,30.0,30.0,57.0,36.0,0.0,0.0,0.0,52.0
dummy_image_3.png,2,40.0,5.0,40.0,2.5,37.0,0.5,0.5,0.5,57.0
dummy_image_3.png,2,23.0,5.0,23.0,5.0,37.5,0.5,0.5,0.5,57.0
dummy_image_3.png,1,30.0,30.0,30.0,28.0,37.0,0.0,0.0,0.0,52.0
dummy_image_3.png,3,67.33,58.0,66.0,31.67,37.33,0.47,0.75,0.65,46.4
dummy_image_3.png,1,79.0,79.0,79.0,41.0,37.0,0.0,0.0,0.0,42.2
dummy_image_3.png,1,36.0,36.0,36.0,44.0,37.0,0.0,0.0,0.0,50.8
dummy_image_3.png,3,75.0,58.0,79.0,53.0,37.0,0.0,1.0,0.67,46.4
dummy_image_3.png,16,55.5,5.0,57.0,58.94,39.5,0.5,3.41,1.83,57.0
dummy_image_3.png,1,93.0,93.0,93.0,10.0,38.0,0.0,0.0,0.0,39.4
dummy_image_3.png,1,28.0,28.0,28.0,16.0,38.0,0.0,0.0,0.0,52.4
dummy_image_3.png,8,39.75,1.0,35.5,18.0,39.62,0.62,2.58,1.54,57.8
dummy_image_3.png,1,46.0,46.0,46.0,24.0,38.0,0.0,0.0,0.0,48.8
dummy_image_3.png,1,57.0,57.0,57.0,27.0,38.0,0.0,0.0,0.0,46.6
dummy_image_3.png,1,49.0,49.0,49.0,30.0,38.0,0.0,0.0,0.0,48.2
dummy_image_3.png,1,79.0,79.0,79.0,35.0,38.0,0.0,0.0,0.0,42.2
dummy_image_3.png,2,49.5,5.0,49.5,39.5,38.0,0.5,0.5,0.5,57.0
dummy_image_3.png,2,46.0,11.0,46.0,43.0,38.5,0.5,0.5,0.5,55.8
dummy_image_3.png,1,25.0,25.0,25.0,45.0,38.0,0.0,0.0,0.0,53.0
dummy_image_3.png,2,32.5,21.0,32.5,50.5,38.0,0.5,0.5,0.5,53.8
dummy_image_3.png,2,17.5,12.0,17.5,55.0,38.5,0.5,0.5,0.5,55.6
dummy_image_3.png,1,34.0,34.0,34.0,63.0,38.0,0.0,0.0,0.0,51.2
dummy_image_3.png,1,91.0,91.0,91.0,1.0,39.0,0.0,0.0,0.0,39.8
dummy_image_3.png,1,35.0,35.0,35.0,9.0,39.0,0.0,0.0,0.0,51.0
dummy_image_3.png,29,50.14,2.0,52.0,10.9,44.0,0.1,5.12,2.76,57.6
dummy_image_3.png,6,52.5,5.0,62.0,25.0,40.17,0.17,1.3,0.99,57.0
dummy_image_3.png,3,32.33,6.0,29.0,28.67,39.67,0.47,0.75,0.65,56.8
dummy_image_3.png,1,58.0,58.0,58.0,31.0,39.0,0.0,0.0,0.0,46.4
dummy_image_3.png,2,40.0,25.0,40.0,33.5,39.0,0.5,0.5,0.5,53.0
dummy_image_3.png,5,31.0,14.0,18.0,37.0,39.6,0.4,1.17,0.98,55.2
dummy_image_3.png,1,27.0,27.0,27.0,48.0,39.0,0.0,0.0,0.0,52.6
dummy_image_3.png,1,78.0,78.0,78.0,53.0,39.0,0.0,0.0,0.0,42.4
dummy_image_3.png,1,33.0,33.0,33.0,5.0,40.0,0.0,0.0,0.0,51.4
dummy_image_3.png,1,61.0,61.0,61.0,8.0,40.0,0.0,0.0,0.0,45.8
dummy_image_3.png,4,53.5,3.0,63.5,14.75,41.25,0.35,1.27,0.87,57.4
dummy_image_3.png,12,49.25,3.0,49.5,20.5,42.0,0.5,2.69,1.52,57.4
dummy_image_3.png,1,37.0,37.0,37.0,32.0,40.0,0.0,0.0,0.0,50.6
dummy_image_3.png,1,15.0,15.0,15.0,41.0,40.0,0.0,0.0,0.0,55.0
dummy_image_3.png,11,36.18,4.0,29.0,45.64,41.82,0.41,2.89,1.64,57.2
dummy_image_3.png,19,49.21,8.0,55.0,51.16,43.89,0.85,4.82,2.66,56.4
dummy_image_3.png,1,48.0,48.0,48.0,3.0,41.0,0.0,0.0,0.0,48.4
dummy_image_3.png,5,43.0,7.0,50.0,29.6,42.2,0.45,1.26,0.85,56.6
dummy_image_3.png,5,35.0,5.0,29.0,37.8,41.8,0.28,1.81,1.12,57.0
dummy_image_3.png,1,57.0,57.0,57.0,43.0,41.0,0.0,0.0,0.0,46.6
dummy_image_3.png,7,69.57,36.0,73.0,1.29,43.43,0.52,1.73,1.18,50.8
dummy_image_3.png,5,28.4,9.0,30.0,7.2,42.4,0.45,1.26,0.85,56.2
dummy_image_3.png,3,25.33,15.0,30.0,26.67,42.67,0.47,0.75,0.65,55.0
dummy_image_3.png,3,43.33,2.0,52.0,32.33,42.33,0.47,0.75,0.65,57.6
dummy_image_3.png,2,54.5,46.0,54.5,41.5,42.0,0.5,0.5,0.5,48.8
dummy_image_3.png,1,75.0,75.0,75.0,56.0,42.0,0.0,0.0,0.0,43.0
dummy_image_3.png,2,24.0,24.0,24.0,4.0,43.5,0.5,0.5,0.5,53.2
dummy_image_3.png,1,36.0,36.0,36.0,34.0,43.0,0.0,0.0,0.0,50.8
dummy_image_3.png,5,54.6,12.0,62.0,38.8,43.8,0.28,1.81,1.12,55.6
dummy_image_3.png,1,61.0,61.0,61.0,50.0,43.0,0.0,0.0,0.0,45.8
dummy_image_3.png,2,52.5,26.0,52.5,54.5,43.0,0.5,0.5,0.5,52.8
dummy_image_3.png,4,57.25,19.0,58.5,59.25,44.25,0.35,1.27,0.87,54.2
dummy_image_3.png,2,42.0,21.0,42.0,63.0,43.5,0.5,0.5,0.5,53.8
dummy_image_3.png,15,57.33,0.0,68.0,16.6,45.67,0.78,4.11,2.11,58.0
dummy_image_3.png,28,51.46,3.0,53.0,30.82,46.82,0.84,8.03,3.81,57.4
dummy_image_3.png,1,35.0,35.0,35.0,35.0,44.0,0.0,0.0,0.0,51.0
dummy_image_3.png,1,23.0,23.0,23.0,42.0,44.0,0.0,0.0,0.0,53.4
dummy_image_3.png,3,50.33,30.0,39.0,56.67,44.67,0.47,0.75,0.65,52.0
dummy_image_3.png,11,31.55,3.0,25.0,4.36,47.18,0.41,2.73,1.58,57.4
dummy_image_3.png,1,56.0,56.0,56.0,41.0,45.0,0.0,0.0,0.0,46.8
dummy_image_3.png,6,66.17,38.0,70.5,43.67,45.83,0.37,1.67,1.07,50.4
dummy_image_3.png,1,98.0,98.0,98.0,22.0,46.0,0.0,0.0,0.0,38.4
dummy_image_3.png,1,0.0,0.0,0.0,39.0,46.0,0.0,0.0,0.0,58.0
dummy_image_3.png,1,71.0,71.0,71.0,54.0,46.0,0.0,0.0,0.0,43.8
dummy_image_3.png,1,64.0,64.0,64.0,58.0,46.0,0.0,0.0,0.0,45.2
dummy_image_3.png,1,54.0,54.0,54.0,63.0,46.0,0.0,0.0,0.0,47.2
dummy_image_3.png,2,68.0,57.0,68.0,6.5,47.0,0.5,0.5,0.5,46.6
dummy_image_3.png,11,41.36,6.0,31.0,27.91,48.91,0.13,2.7,1.53,56.8
dummy_image_3.png,2,44.0,16.0,44.0,35.5,47.0,0.5,0.5,0.5,54.8
dummy_image_3.png,2,43.0,1.0,43.0,40.5,47.0,0.5,0.5,0.5,57.8
dummy_image_3.png,31,53.55,4.0,61.0,47.0,51.35,0.65,5.01,2.8,57.2
dummy_image_3.png,1,34.0,34.0,34.0,55.0,47.0,0.0,0.0,0.0,51.2
dummy_image_3.png,1,48.0,48.0,48.0,61.0,47.0,0.0,0.0,0.0,48.4
dummy_image_3.png,2,40.5,13.0,40.5,0.0,48.5,0.5,0.5,0.5,55.4
dummy_image_3.png,1,98.0,98.0,98.0,2.0,48.0,0.0,0.0,0.0,38.4
dummy_image_3.png,1,49.0,49.0,49.0,22.0,48.0,0.0,0.0,0.0,48.2
dummy_image_3.png,7,41.86,10.0,29.0,53.57,48.86,0.45,1.83,1.12,56.0
dummy_image_3.png,12,47.75,1.0,55.0,59.75,50.33,0.42,3.24,1.86,57.8
dummy_image_3.png,1,96.0,96.0,96.0,8.0,49.0,0.0,0.0,0.0,38.8
dummy_image_3.png,3,30.67,22.0,31.0,22.67,49.67,0.47,0.75,0.65,53.6
dummy_image_3.png,1,51.0,51.0,51.0,41.0,49.0,0.0,0.0,0.0,47.8
dummy_image_3.png,1,9.0,9.0,9.0,45.0,49.0,0.0,0.0,0.0,56.2
dummy_image_3.png,1,72.0,72.0,72.0,58.0,49.0,0.0,0.0,0.0,43.6
dummy_image_3.png,1,24.0,24.0,24.0,6.0,50.0,0.0,0.0,0.0,53.2
dummy_image_3.png,1,22.0,22.0,22.0,9.0,50.0,0.0,0.0,0.0,53.6
dummy_image_3.png,5,59.0,12.0,47.0,14.8,50.2,0.28,1.81,1.12,55.6
dummy_image_3.png,1,19.0,19.0,19.0,20.0,50.0,0.0,0.0,0.0,54.2
dummy_image_3.png,8,53.0,14.0,51.5,38.75,51.0,0.75,2.02,1.34,55.2
dummy_image_3.png,1,1.0,1.0,1.0,52.0,50.0,0.0,0.0,0.0,57.8
dummy_image_3.png,5,23.8,1.0,8.0,0.2,52.8,0.28,1.81,1.12,57.8
dummy_image_3.png,1,4.0,4.0,4.0,3.0,51.0,0.0,0.0,0.0,57.2
dummy_image_3.png,1,92.0,92.0,92.0,8.0,51.0,0.0,0.0,0.0,39.6
dummy_image_3.png,6,73.83,28.0,89.0,11.83,52.17,0.24,1.18,0.91,52.4
dummy_image_3.png,3,21.33,12.0,21.0,18.67,51.33,0.47,0.75,0.65,55.6
dummy_image_3.png,1,83.0,83.0,83.0,36.0,51.0,0.0,0.0,0.0,41.4
dummy_image_3.png,1,80.0,80.0,80.0,56.0,51.0,0.0,0.0,0.0,42.0
dummy_image_3.png,4,38.0,6.0,29.5,5.25,52.25,0.35,1.27,0.87,56.8
dummy_image_3.png,10,40.4,9.0,33.5,9.0,54.3,0.3,2.3,1.36,56.2
dummy_image_3.png,1,19.0,19.0,19.0,15.0,52.0,0.0,0.0,0.0,54.2
dummy_image_3.png,1,94.0,94.0,94.0,21.0,52.0,0.0,0.0,0.0,39.2
dummy_image_3.png,1,44.0,44.0,44.0,27.0,52.0,0.0,0.0,0.0,49.2
dummy_image_3.png,5,54.4,17.0,49.0,31.0,53.0,0.0,1.41,0.97,54.6
dummy_image_3.png,1,60.0,60.0,60.0,35.0,52.0,0.0,0.0,0.0,46.0
dummy_image_3.png,14,57.43,5.0,55.5,54.71,54.93,0.29,3.52,1.94,57.0
dummy_image_3.png,2,52.5,28.0,52.5,3.0,53.5,0.5,0.5,0.5,52.4
dummy_image_3.png,13,49.92,14.0,47.0,19.38,54.85,0.41,2.31,1.43,55.2
dummy_image_3.png,1,75.0,75.0,75.0,23.0,53.0,0.0,0.0,0.0,43.0
dummy_image_3.png,1,81.0,81.0,81.0,28.0,53.0,0.0,0.0,0.0,41.8
dummy_image_3.png,18,54.17,6.0,61.0,42.61,57.17,0.63,4.18,2.27,56.8
dummy_image_3.png,1,1.0,1.0,1.0,51.0,53.0,0.0,0.0,0.0,57.8
dummy_image_3.png,1,41.0,41.0,41.0,53.0,53.0,0.0,0.0,0.0,49.8
dummy_image_3.png,2,86.0,85.0,86.0,60.0,53.5,0.5,0.5,0.5,41.0
dummy_image_3.png,13,28.69,2.0,23.0,15.46,56.15,0.49,2.4,1.49,57.6
dummy_image_3.png,1,96.0,96.0,96.0,22.0,54.0,0.0,0.0,0.0,38.8
dummy_image_3.png,2,41.0,19.0,41.0,24.0,54.5,0.5,0.5,0.5,54.2
dummy_image_3.png,2,91.0,84.0,91.0,26.5,54.0,0.5,0.5,0.5,41.2
dummy_image_3.png,4,55.0,20.0,55.5,33.0,54.75,0.25,1.03,0.77,54.0
dummy_image_3.png,1,67.0,67.0,67.0,35.0,54.0,0.0,0.0,0.0,44.6
dummy_image_3.png,8,37.38,4.0,26.5,38.25,56.12,0.28,2.25,1.36,57.2
dummy_image_3.png,2,71.0,56.0,71.0,5.5,55.0,0.5,0.5,0.5,46.8
dummy_image_3.png,2,64.0,45.0,64.0,61.0,55.5,0.5,0.5,0.5,49.0
dummy_image_3.png,1,44.0,44.0,44.0,63.0,55.0,0.0,0.0,0.0,49.2
dummy_image_3.png,1,71.0,71.0,71.0,0.0,56.0,0.0,0.0,0.0,43.8
dummy_image_3.png,3,14.67,2.0,17.0,2.33,56.33,0.47,0.75,0.65,57.6
dummy_image_3.png,1,13.0,13.0,13.0,46.0,56.0,0.0,0.0,0.0,55.4
dummy_image_3.png,1,89.0,89.0,89.0,58.0,56.0,0.0,0.0,0.0,40.2
dummy_image_3.png,4,41.5,6.0,47.5,4.25,57.75,0.35,1.27,0.87,56.8
dummy_image_3.png,1,89.0,89.0,89.0,11.0,57.0,0.0,0.0,0.0,40.2
dummy_image_3.png,1,19.0,19.0,19.0,22.0,57.0,0.0,0.0,0.0,54.2
dummy_image_3.png,2,38.0,30.0,38.0,25.0,57.5,0.5,0.5,0.5,52.0
dummy_image_3.png,11,50.55,29.0,50.0,30.36,57.64,0.51,3.69,1.85,52.2
dummy_image_3.png,4,59.75,31.0,55.5,48.5,57.5,0.71,0.71,0.71,51.8
dummy_image_3.png,1,72.0,72.0,72.0,51.0,57.0,0.0,0.0,0.0,43.6
dummy_image_3.png,1,94.0,94.0,94.0,59.0,57.0,0.0,0.0,0.0,39.2
dummy_image_3.png,7,50.86,8.0,48.0,62.0,58.71,0.29,2.29,1.25,56.4
dummy_image_3.png,1,96.0,96.0,96.0,0.0,58.0,0.0,0.0,0.0,38.8
dummy_image_3.png,1,65.0,65.0,65.0,7.0,58.0,0.0,0.0,0.0,45.0
dummy_image_3.png,2,49.5,39.0,49.5,13.0,58.5,0.5,0.5,0.5,50.2
dummy_image_3.png,11,51.73,4.0,60.0,20.82,59.55,0.49,2.85,1.52,57.2
dummy_image_3.png,1,23.0,23.0,23.0,23.0,58.0,0.0,0.0,0.0,53.4
dummy_image_3.png,1,14.0,14.0,14.0,27.0,58.0,0.0,0.0,0.0,55.2
dummy_image_3.png,1,47.0,47.0,47.0,56.0,58.0,0.0,0.0,0.0,48.6
dummy_image_3.png,3,37.33,4.0,52.0,1.33,59.33,0.47,0.75,0.65,57.2
dummy_image_3.png,10,47.3,11.0,38.5,9.9,59.9,0.14,2.2,1.35,55.8
dummy_image_3.png,1,61.0,61.0,61.0,24.0,59.0,0.0,0.0,0.0,45.8
dummy_image_3.png,1,92.0,92.0,92.0,26.0,59.0,0.0,0.0,0.0,39.6
dummy_image_3.png,21,50.14,5.0,52.0,32.81,61.24,0.3,4.2,2.2,57.0
dummy_image_3.png,1,46.0,46.0,46.0,50.0,59.0,0.0,0.0,0.0,48.8
dummy_image_3.png,1,67.0,67.0,67.0,52.0,59.0,0.0,0.0,0.0,44.6
dummy_image_3.png,1,59.0,59.0,59.0,57.0,59.0,0.0,0.0,0.0,46.2
dummy_image_3.png,2,52.0,23.0,52.0,3.0,60.5,0.5,0.5,0.5,53.4
dummy_image_3.png,2,33.0,27.0,33.0,6.0,60.5,0.5,0.5,0.5,52.6
dummy_image_3.png,1,9.0,9.0,9.0,14.0,60.0,0.0,0.0,0.0,56.2
dummy_image_3.png,1,3.0,3.0,3.0,16.0,60.0,0.0,0.0,0.0,57.4
dummy_image_3.png,1,36.0,36.0,36.0,25.0,60.0,0.0,0.0,0.0,50.8
dummy_image_3.png,1,13.0,13.0,13.0,37.0,60.0,0.0,0.0,0.0,55.4
dummy_image_3.png,1,31.0,31.0,31.0,44.0,60.0,0.0,0.0,0.0,51.8
dummy_image_3.png,1,19.0,19.0,19.0,47.0,60.0,0.0,0.0,0.0,54.2
dummy_image_3.png,4,38.25,1.0,34.0,50.25,60.75,0.35,1.27,0.87,57.8
dummy_image_3.png,1,80.0,80.0,80.0,60.0,60.0,0.0,0.0,0.0,42.0
dummy_image_3.png,1,48.0,48.0,48.0,0.0,61.0,0.0,0.0,0.0,48.4
dummy_image_3.png,1,74.0,74.0,74.0,15.0,61.0,0.0,0.0,0.0,43.2
dummy_image_3.png,5,44.0,6.0,43.0,16.2,62.2,0.28,1.44,0.96,56.8
dummy_image_3.png,3,60.67,41.0,59.0,23.67,61.67,0.47,0.75,0.65,49.8
dummy_image_3.png,1,28.0,28.0,28.0,27.0,61.0,0.0,0.0,0.0,52.4
dummy_image_3.png,1,98.0,98.0,98.0,29.0,61.0,0.0,0.0,0.0,38.4
dummy_image_3.png,3,34.67,12.0,39.0,38.0,62.0,0.0,1.0,0.67,55.6
dummy_image_3.png,1,38.0,38.0,38.0,54.0,61.0,0.0,0.0,0.0,50.4
dummy_image_3.png,1,92.0,92.0,92.0,58.0,61.0,0.0,0.0,0.0,39.6
dummy_image_3.png,4,44.0,8.0,35.0,4.75,62.75,0.35,1.27,0.87,56.4
dummy_image_3.png,1,11.0,11.0,11.0,7.0,62.0,0.0,0.0,0.0,55.8
dummy_image_3.png,1,30.0,30.0,30.0,14.0,62.0,0.0,0.0,0.0,52.0
dummy_image_3.png,1,13.0,13.0,13.0,20.0,62.0,0.0,0.0,0.0,55.4
dummy_image_3.png,1,90.0,90.0,90.0,28.0,62.0,0.0,0.0,0.0,40.0
dummy_image_3.png,1,65.0,65.0,65.0,40.0,62.0,0.0,0.0,0.0,45.0
dummy_image_3.png,2,41.0,26.0,41.0,42.0,62.5,0.5,0.5,0.5,52.8
dummy_image_3.png,1,50.0,50.0,50.0,45.0,62.0,0.0,0.0,0.0,48.0
dummy_image_3.png,2,35.0,34.0,35.0,47.0,62.5,0.5,0.5,0.5,51.2
dummy_image_3.png,1,11.0,11.0,11.0,59.0,62.0,0.0,0.0,0.0,55.8
dummy_image_3.png,1,2.0,2.0,2.0,63.0,62.0,0.0,0.0,0.0,57.6
dummy_image_3.png,2,87.0,77.0,87.0,1.5,63.0,0.5,0.5,0.5,42.6
dummy_image_3.png,1,57.0,57.0,57.0,10.0,63.0,0.0,0.0,0.0,46.6
dummy_image_3.png,2,26.5,14.0,26.5,12.5,63.0,0.5,0.5,0.5,55.2
dummy_image_3.png,1,91.0,91.0,91.0,18.0,63.0,0.0,0.0,0.0,39.8
dummy_image_3.png,1,9.0,9.0,9.0,22.0,63.0,0.0,0.0,0.0,56.2
dummy_image_3.png,1,56.0,56.0,56.0,44.0,63.0,0.0,0.0,0.0,46.8
dummy_image_3.png,1,8.0,8.0,8.0,49.0,63.0,0.0,0.0,0.0,56.4
dummy_image_3.png,2,29.5,29.0,29.5,51.5,63.0,0.5,0.5,0.5,52.2
dummy_image_3.png,1,96.0,96.0,96.0,54.0,63.0,0.0,0.0,0.0,38.8
dummy_image_3.png,1,91.0,91.0,91.0,56.0,63.0,0.0,0.0,0.0,39.8
dummy_image_3.png,1,27.0,27.0,27.0,58.0,63.0,0.0,0.0,0.0,52.6
dummy_image_3.png,1,30.0,30.0,30.0,61.0,63.0,0.0,0.0,0.0,52.0
dummy_image_4.png,9,49.33,2.0,46.0,8.11,1.22,0.25,2.25,1.37,57.6
dummy_image_4.png,1,43.0,43.0,43.0,12.0,0.0,0.0,0.0,0.0,49.4
dummy_image_4.png,6,75.67,54.0,73.5,23.67,0.5,0.6,1.74,1.14,47.2
dummy_image_4.png,19,52.58,2.0,42.0,33.05,1.58,0.42,5.29,2.44,57.6
dummy_image_4.png,4,63.5,32.0,65.5,37.5,0.0,0.5,1.5,1.0,51.6
dummy_image_4.png,2,9.0,0.0,9.0,48.5,0.0,0.5,0.5,0.5,58.0
dummy_image_4.png,1,65.0,65.0,65.0,51.0,0.0,0.0,0.0,0.0,45.0
dummy_image_4.png,2,73.0,68.0,73.0,57.5,0.0,0.5,0.5,0.5,44.4
dummy_image_4.png,12,44.5,5.0,40.0,1.92,1.83,0.19,3.19,1.56,57.0
dummy_image_4.png,11,59.64,4.0,65.0,16.27,2.36,0.45,2.2,1.33,57.2
dummy_image_4.png,3,47.0,14.0,40.0,27.0,2.0,0.0,1.0,0.67,55.2
dummy_image_4.png,1,73.0,73.0,73.0,41.0,1.0,0.0,0.0,0.0,43.4
dummy_image_4.png,19,50.32,0.0,63.0,41.53,3.95,0.53,3.3,2.01,58.0
dummy_image_4.png,7,55.43,5.0,63.0,46.71,1.57,0.52,2.33,1.33,57.0
dummy_image_4.png,1,34.0,34.0,34.0,53.0,1.0,0.0,0.0,0.0,51.2
dummy_image_4.png,2,78.5,72.0,78.5,55.0,1.5,0.5,0.5,0.5,43.6
dummy_image_4.png,9,49.33,17.0,48.0,61.33,2.11,0.35,2.34,1.39,54.6
dummy_image_4.png,1,41.0,41.0,41.0,13.0,2.0,0.0,0.0,0.0,49.8
dummy_image_4.png,3,39.33,0.0,35.0,21.33,2.33,0.47,0.75,0.65,58.0
dummy_image_4.png,1,49.0,49.0,49.0,38.0,2.0,0.0,0.0,0.0,48.2
dummy_image_4.png,1,17.0,17.0,17.0,57.0,2.0,0.0,0.0,0.0,54.6
dummy_image_4.png,1,78.0,78.0,78.0,4.0,3.0,0.0,0.0,0.0,42.4
dummy_image_4.png,1,96.0,96.0,96.0,9.0,3.0,0.0,0.0,0.0,38.8
dummy_image_4.png,8,49.75,23.0,46.0,19.5,5.0,0.5,2.06,1.2,53.4
dummy_image_4.png,4,59.75,14.0,69.5,23.0,3.75,0.25,1.03,0.77,55.2
dummy_image_4.png,1,90.0,90.0,90.0,30.0,3.0,0.0,0.0,0.0,40.0
dummy_image_4.png,2,62.5,26.0,62.5,46.0,3.5,0.5,0.5,0.5,52.8
dummy_image_4.png,2,61.5,32.0,61.5,50.5,3.0,0.5,0.5,0.5,51.6
dummy_image_4.png,1,55.0,55.0,55.0,53.0,3.0,0.0,0.0,0.0,47.0
dummy_image_4.png,1,0.0,0.0,0.0,5.0,4.0,0.0,0.0,0.0,58.0
dummy_image_4.png,1,40.0,40.0,40.0,8.0,4.0,0.0,0.0,0.0,50.0
dummy_image_4.png,1,55.0,55.0,55.0,26.0,4.0,0.0,0.0,0.0,47.0
dummy_image_4.png,4,41.25,1.0,33.0,27.5,5.0,0.5,1.12,0.81,57.8
dummy_image_4.png,1,62.0,62.0,62.0,33.0,4.0,0.0,0.0,0.0,45.6
dummy_image_4.png,1,63.0,63.0,63.0,49.0,4.0,0.0,0.0,0.0,45.4
dummy_image_4.png,4,50.5,32.0,55.5,58.5,4.5,0.71,0.71,0.71,51.6
dummy_image_4.png,1,64.0,64.0,64.0,1.0,5.0,0.0,0.0,0.0,45.2
dummy_image_4.png,2,68.0,41.0,68.0,9.0,5.5,0.5,0.5,0.5,49.8
dummy_image_4.png,6,43.17,4.0,35.0,12.17,5.67,0.69,1.57,1.13,57.2
dummy_image_4.png,12,55.92,5.0,57.5,32.5,8.25,0.56,3.29,1.81,57.0
dummy_image_4.png,26,45.35,2.0,37.5,50.77,8.15,0.28,4.34,2.5,57.6
dummy_image_4.png,11,57.64,10.0,67.0,56.09,7.0,0.09,3.08,1.91,56.0
dummy_image_4.png,1,99.0,99.0,99.0,63.0,5.0,0.0,0.0,0.0,38.2
dummy_image_4.png,1,27.0,27.0,27.0,0.0,6.0,0.0,0.0,0.0,52.6
dummy_image_4.png,3,27.33,18.0,20.0,3.67,6.67,0.47,0.75,0.65,54.4
dummy_image_4.png,1,95.0,95.0,95.0,15.0,6.0,0.0,0.0,0.0,39.0
dummy_image_4.png,3,41.0,10.0,20.0,17.33,6.67,0.47,0.75,0.65,56.0
dummy_image_4.png,2,44.0,35.0,44.0,22.5,6.0,0.5,0.5,0.5,51.0
dummy_image_4.png,2,22.0,7.0,22.0,25.0,6.5,0.5,0.5,0.5,56.6
dummy_image_4.png,1,45.0,45.0,45.0,30.0,6.0,0.0,0.0,0.0,49.0
dummy_image_4.png,2,56.5,40.0,56.5,34.5,6.0,0.5,0.5,0.5,50.0
dummy_image_4.png,2,28.5,12.0,28.5,60.5,6.0,0.5,0.5,0.5,55.6
dummy_image_4.png,3,74.0,29.0,95.0,5.67,7.67,0.47,0.75,0.65,52.2
dummy_image_4.png,1,97.0,97.0,97.0,8.0,7.0,0.0,0.0,0.0,38.6
dummy_image_4.png,1,91.0,91.0,91.0,62.0,7.0,0.0,0.0,0.0,39.8
dummy_image_4.png,7,33.29,8.0,25.0,14.86,9.43,0.45,1.94,1.14,56.4
dummy_image_4.png,1,59.0,59.0,59.0,21.0,8.0,0.0,0.0,0.0,46.2
dummy_image_4.png,2,48.5,34.0,48.5,24.0,8.5,0.5,0.5,0.5,51.2
dummy_image_4.png,5,50.0,12.0,64.0,27.4,8.2,0.45,1.61,1.0,55.6
dummy_image_4.png,17,34.41,4.0,29.0,39.88,10.65,0.37,2.65,1.71,57.2
dummy_image_4.png,1,11.0,11.0,11.0,63.0,8.0,0.0,0.0,0.0,55.8
dummy_image_4.png,1,54.0,54.0,54.0,0.0,9.0,0.0,0.0,0.0,47.2
dummy_image_4.png,1,97.0,97.0,97.0,8.0,9.0,0.0,0.0,0.0,38.6
dummy_image_4.png,1,62.0,62.0,62.0,30.0,9.0,0.0,0.0,0.0,45.6
dummy_image_4.png,2,43.5,33.0,43.5,36.5,9.0,0.5,0.5,0.5,51.4
dummy_image_4.png,1,32.0,32.0,32.0,44.0,9.0,0.0,0.0,0.0,51.6
dummy_image_4.png,1,70.0,70.0,70.0,48.0,9.0,0.0,0.0,0.0,44.0
dummy_image_4.png,3,47.33,12.0,42.0,2.33,10.33,0.47,0.75,0.65,55.6
dummy_image_4.png,1,74.0,74.0,74.0,6.0,10.0,0.0,0.0,0.0,43.2
dummy_image_4.png,4,55.75,2.0,61.5,9.5,11.0,0.5,1.12,0.81,57.6
dummy_image_4.png,1,25.0,25.0,25.0,11.0,10.0,0.0,0.0,0.0,53.0
dummy_image_4.png,5,37.2,3.0,46.0,18.2,10.6,0.45,1.26,0.85,57.4
dummy_image_4.png,6,45.0,7.0,37.0,22.33,11.67,0.47,1.8,1.12,56.6
dummy_image_4.png,12,39.83,8.0,27.5,25.83,12.58,0.45,3.42,1.86,56.4
dummy_image_4.png,1,57.0,57.0,57.0,43.0,10.0,0.0,0.0,0.0,46.6
dummy_image_4.png,6,48.67,2.0,51.0,45.83,11.5,0.53,1.72,1.09,57.6
dummy_image_4.png,1,89.0,89.0,89.0,47.0,10.0,0.0,0.0,0.0,40.2
dummy_image_4.png,1,36.0,36.0,36.0,56.0,10.0,0.0,0.0,0.0,50.8
dummy_image_4.png,19,50.37,4.0,54.0,59.68,14.84,0.35,4.85,2.42,57.2
dummy_image_4.png,1,16.0,16.0,16.0,63.0,10.0,0.0,0.0,0.0,54.8
dummy_image_4.png,1,34.0,34.0,34.0,5.0,11.0,0.0,0.0,0.0,51.2
dummy_image_4.png,1,36.0,36.0,36.0,7.0,11.0,0.0,0.0,0.0,50.8
dummy_image_4.png,1,79.0,79.0,79.0,30.0,11.0,0.0,0.0,0.0,42.2
dummy_image_4.png,1,98.0,98.0,98.0,0.0,12.0,0.0,0.0,0.0,38.4
dummy_image_4.png,4,59.0,14.0,68.5,3.0,12.5,0.5,1.12,0.81,55.2
dummy_image_4.png,2,13.5,11.0,13.5,12.0,12.5,0.5,0.5,0.5,55.8
dummy_image_4.png,4,20.5,4.0,14.5,14.75,13.0,0.25,1.03,0.77,57.2
dummy_image_4.png,1,72.0,72.0,72.0,33.0,12.0,0.0,0.0,0.0,43.6
dummy_image_4.png,2,52.0,38.0,52.0,44.0,12.5,0.5,0.5,0.5,50.4
dummy_image_4.png,11,38.64,3.0,29.0,52.55,13.73,0.53,3.0,1.71,57.4
dummy_image_4.png,1,47.0,47.0,47.0,57.0,12.0,0.0,0.0,0.0,48.6
dummy_image_4.png,4,38.0,4.0,38.0,6.5,13.0,0.5,1.5,1.0,57.2
dummy_image_4.png,8,45.88,15.0,40.5,30.25,14.25,0.35,2.26,1.34,55.0
dummy_image_4.png,1,11.0,11.0,11.0,35.0,13.0,0.0,0.0,0.0,55.8
dummy_image_4.png,1,84.0,84.0,84.0,37.0,13.0,0.0,0.0,0.0,41.2
dummy_image_4.png,4,63.75,38.0,62.0,47.5,14.0,0.5,1.12,0.81,50.4
dummy_image_4.png,1,18.0,18.0,18.0,56.0,13.0,0.0,0.0,0.0,54.4
dummy_image_4.png,1,25.0,25.0,25.0,62.0,13.0,0.0,0.0,0.0,53.0
dummy_image_4.png,25,47.2,0.0,46.0,7.8,17.16,0.26,5.58,2.83,58.0
dummy_image_4.png,5,28.4,4.0,33.0,19.4,14.4,0.57,1.65,1.04,57.2
dummy_image_4.png,1,43.0,43.0,43.0,38.0,14.0,0.0,0.0,0.0,49.4
dummy_image_4.png,1,55.0,55.0,55.0,43.0,14.0,0.0,0.0,0.0,47.0
dummy_image_4.png,5,65.6,5.0,76.0,55.6,15.0,0.4,1.4,0.95,57.0
dummy_image_4.png,4,25.25,9.0,18.5,4.75,16.0,0.25,1.03,0.77,56.2
dummy_image_4.png,11,42.09,5.0,34.0,22.73,16.64,0.45,2.75,1.41,57.0
dummy_image_4.png,1,45.0,45.0,45.0,40.0,15.0,0.0,0.0,0.0,49.0
dummy_image_4.png,8,59.12,5.0,67.5,30.62,17.25,0.45,2.49,1.51,57.0
dummy_image_4.png,2,49.5,48.0,49.5,33.5,16.0,0.5,0.5,0.5,48.4
dummy_image_4.png,4,38.0,6.0,35.0,36.0,16.5,0.5,1.12,0.81,56.8
dummy_image_4.png,1,20.0,20.0,20.0,41.0,16.0,0.0,0.0,0.0,54.0
dummy_image_4.png,10,52.3,3.0,53.0,44.6,17.5,0.64,2.45,1.47,57.4
dummy_image_4.png,1,27.0,27.0,27.0,48.0,16.0,0.0,0.0,0.0,52.6
dummy_image_4.png,1,59.0,59.0,59.0,63.0,16.0,0.0,0.0,0.0,46.2
dummy_image_4.png,1,25.0,25.0,25.0,1.0,17.0,0.0,0.0,0.0,53.0
dummy_image_4.png,1,32.0,32.0,32.0,14.0,17.0,0.0,0.0,0.0,51.6
dummy_image_4.png,1,53.0,53.0,53.0,16.0,17.0,0.0,0.0,0.0,47.4
dummy_image_4.png,10,53.1,4.0,55.0,16.5,18.7,0.58,2.6,1.6,57.2
dummy_image_4.png,4,36.75,12.0,40.0,39.75,17.75,0.35,1.27,0.87,55.6
dummy_image_4.png,1,4.0,4.0,4.0,54.0,17.0,0.0,0.0,0.0,57.2
dummy_image_4.png,1,82.0,82.0,82.0,0.0,18.0,0.0,0.0,0.0,41.6
dummy_image_4.png,1,0.0,0.0,0.0,13.0,18.0,0.0,0.0,0.0,58.0
dummy_image_4.png,5,33.2,19.0,25.0,26.0,19.0,0.0,1.41,0.97,54.2
dummy_image_4.png,1,36.0,36.0,36.0,42.0,18.0,0.0,0.0,0.0,50.8
dummy_image_4.png,24,62.04,5.0,66.5,53.54,20.58,0.62,4.5,2.37,57.0
dummy_image_4.png,1,83.0,83.0,83.0,56.0,18.0,0.0,0.0,0.0,41.4
dummy_image_4.png,3,28.33,3.0,40.0,8.33,19.67,0.47,0.75,0.65,57.4
dummy_image_4.png,2,49.5,17.0,49.5,12.0,19.5,0.5,0.5,0.5,54.6
dummy_image_4.png,1,0.0,0.0,0.0,20.0,19.0,0.0,0.0,0.0,58.0
dummy_image_4.png,4,50.0,25.0,50.5,29.5,20.0,0.5,1.12,0.81,53.0
dummy_image_4.png,9,43.89,13.0,27.0,34.22,20.67,0.4,2.32,1.41,55.4
dummy_image_4.png,1,98.0,98.0,98.0,48.0,19.0,0.0,0.0,0.0,38.4
dummy_image_4.png,1,46.0,46.0,46.0,1.0,20.0,0.0,0.0,0.0,48.8
dummy_image_4.png,5,34.6,14.0,39.0,19.0,21.0,0.0,1.0,0.8,55.2
dummy_image_4.png,1,46.0,46.0,46.0,21.0,20.0,0.0,0.0,0.0,48.8
dummy_image_4.png,1,62.0,62.0,62.0,23.0,20.0,0.0,0.0,0.0,45.6
dummy_image_4.png,29,48.34,4.0,52.0,42.45,24.03,1.06,6.2,3.2,57.2
dummy_image_4.png,1,36.0,36.0,36.0,50.0,20.0,0.0,0.0,0.0,50.8
dummy_image_4.png,3,34.33,16.0,24.0,63.0,21.0,0.0,1.0,0.67,54.8
dummy_image_4.png,1,26.0,26.0,26.0,2.0,21.0,0.0,0.0,0.0,52.8
dummy_image_4.png,1,69.0,69.0,69.0,10.0,21.0,0.0,0.0,0.0,44.2
dummy_image_4.png,1,65.0,65.0,65.0,26.0,21.0,0.0,0.0,0.0,45.0
dummy_image_4.png,1,47.0,47.0,47.0,31.0,21.0,0.0,0.0,0.0,48.6
dummy_image_4.png,1,98.0,98.0,98.0,39.0,21.0,0.0,0.0,0.0,38.4
dummy_image_4.png,1,91.0,91.0,91.0,41.0,21.0,0.0,0.0,0.0,39.8
dummy_image_4.png,1,85.0,85.0,85.0,49.0,21.0,0.0,0.0,0.0,41.0
dummy_image_4.png,2,30.5,27.0,30.5,59.0,21.5,0.5,0.5,0.5,52.6
dummy_image_4.png,4,35.0,19.0,30.5,60.75,22.25,0.35,1.27,0.87,54.2
dummy_image_4.png,1,93.0,93.0,93.0,0.0,22.0,0.0,0.0,0.0,39.4
dummy_image_4.png,3,44.33,32.0,48.0,3.33,22.67,0.47,0.75,0.65,51.6
dummy_image_4.png,2,78.5,75.0,78.5,5.5,22.0,0.5,0.5,0.5,43.0
dummy_image_4.png,1,72.0,72.0,72.0,8.0,22.0,0.0,0.0,0.0,43.6
dummy_image_4.png,1,87.0,87.0,87.0,21.0,22.0,0.0,0.0,0.0,40.6
dummy_image_4.png,1,93.0,93.0,93.0,23.0,22.0,0.0,0.0,0.0,39.4
dummy_image_4.png,1,12.0,12.0,12.0,30.0,22.0,0.0,0.0,0.0,55.6
dummy_image_4.png,1,2.0,2.0,2.0,1.0,23.0,0.0,0.0,0.0,57.6
dummy_image_4.png,9,53.56,6.0,61.0,9.56,25.56,0.63,2.59,1.5,56.8
dummy_image_4.png,1,47.0,47.0,47.0,20.0,23.0,0.0,0.0,0.0,48.6
dummy_image_4.png,15,52.47,15.0,46.0,24.93,24.6,0.41,2.99,1.87,55.0
dummy_image_4.png,2,68.0,53.0,68.0,32.5,23.0,0.5,0.5,0.5,47.4
dummy_image_4.png,1,62.0,62.0,62.0,48.0,23.0,0.0,0.0,0.0,45.6
dummy_image_4.png,1,73.0,73.0,73.0,58.0,23.0,0.0,0.0,0.0,43.4
dummy_image_4.png,8,56.5,11.0,66.0,6.0,25.88,0.12,2.35,1.37,55.8
dummy_image_4.png,1,83.0,83.0,83.0,12.0,24.0,0.0,0.0,0.0,41.4
dummy_image_4.png,2,90.0,83.0,90.0,14.5,24.0,0.5,0.5,0.5,41.4
dummy_image_4.png,1,59.0,59.0,59.0,18.0,24.0,0.0,0.0,0.0,46.2
dummy_image_4.png,1,95.0,95.0,95.0,31.0,24.0,0.0,0.0,0.0,39.0
dummy_image_4.png,3,19.33,5.0,13.0,38.33,24.33,0.47,0.75,0.65,57.0
dummy_image_4.png,2,37.5,6.0,37.5,45.5,24.0,0.5,0.5,0.5,56.8
dummy_image_4.png,2,57.0,37.0,57.0,49.5,24.0,0.5,0.5,0.5,50.6
dummy_image_4.png,1,16.0,16.0,16.0,56.0,24.0,0.0,0.0,0.0,54.8
dummy_image_4.png,4,62.0,52.0,54.5,62.25,25.0,0.25,1.03,0.77,47.6
dummy_image_4.png,2,55.0,42.0,55.0,0.5,25.0,0.5,0.5,0.5,49.6
dummy_image_4.png,116,55.04,0.0,59.5,26.49,33.18,1.92,15.76,8.15,58.0
dummy_image_4.png,1,76.0,76.0,76.0,33.0,25.0,0.0,0.0,0.0,42.8
dummy_image_4.png,1,93.0,93.0,93.0,48.0,25.0,0.0,0.0,0.0,39.4
dummy_image_4.png,1,79.0,79.0,79.0,51.0,25.0,0.0,0.0,0.0,42.2
dummy_image_4.png,2,44.5,7.0,44.5,53.5,25.0,0.5,0.5,0.5,56.6
dummy_image_4.png,15,63.67,12.0,67.0,57.67,29.2,0.39,4.21,2.21,55.6
dummy_image_4.png,1,46.0,46.0,46.0,60.0,25.0,0.0,0.0,0.0,48.8
dummy_image_4.png,2,53.5,33.0,53.5,3.0,26.5,0.5,0.5,0.5,51.4
dummy_image_4.png,1,30.0,30.0,30.0,12.0,26.0,0.0,0.0,0.0,52.0
dummy_image_4.png,31,46.23,0.0,46.0,15.68,28.71,0.74,5.82,3.22,58.0
dummy_image_4.png,1,53.0,53.0,53.0,44.0,26.0,0.0,0.0,0.0,47.4
dummy_image_4.png,15,46.0,0.0,26.0,47.8,28.47,0.51,3.73,2.13,58.0
dummy_image_4.png,1,88.0,88.0,88.0,52.0,26.0,0.0,0.0,0.0,40.4
dummy_image_4.png,10,48.4,3.0,61.0,54.7,27.8,0.73,2.22,1.47,57.4
dummy_image_4.png,1,30.0,30.0,30.0,0.0,27.0,0.0,0.0,0.0,52.0
dummy_image_4.png,1,58.0,58.0,58.0,63.0,27.0,0.0,0.0,0.0,46.4
dummy_image_4.png,39,52.74,4.0,53.0,5.1,33.79,0.23,6.49,3.03,57.2
dummy_image_4.png,1,94.0,94.0,94.0,34.0,28.0,0.0,0.0,0.0,39.2
dummy_image_4.png,4,49.75,25.0,45.0,44.0,28.75,0.25,1.03,0.77,53.0
dummy_image_4.png,4,59.0,24.0,63.5,50.75,29.0,0.25,1.03,0.77,53.2
dummy_image_4.png,2,43.5,29.0,43.5,60.5,28.0,0.5,0.5,0.5,52.2
dummy_image_4.png,1,67.0,67.0,67.0,0.0,29.0,0.0,0.0,0.0,44.6
dummy_image_4.png,1,86.0,86.0,86.0,9.0,29.0,0.0,0.0,0.0,40.8
dummy_image_4.png,1,55.0,55.0,55.0,21.0,29.0,0.0,0.0,0.0,47.0
dummy_image_4.png,2,18.5,12.0,18.5,39.5,29.0,0.5,0.5,0.5,55.6
dummy_image_4.png,1,87.0,87.0,87.0,38.0,30.0,0.0,0.0,0.0,40.6
dummy_image_4.png,1,20.0,20.0,20.0,46.0,30.0,0.0,0.0,0.0,54.0
dummy_image_4.png,2,39.5,1.0,39.5,0.0,31.5,0.5,0.5,0.5,57.8
dummy_image_4.png,1,13.0,13.0,13.0,15.0,31.0,0.0,0.0,0.0,55.4
dummy_image_4.png,11,61.82,32.0,61.0,40.91,32.64,0.37,3.38,1.83,51.6
dummy_image_4.png,3,47.67,24.0,56.0,43.67,31.33,0.47,0.75,0.65,53.2
dummy_image_4.png,1,67.0,67.0,67.0,50.0,31.0,0.0,0.0,0.0,44.6
dummy_image_4.png,1,95.0,95.0,95.0,52.0,31.0,0.0,0.0,0.0,39.0
dummy_image_4.png,6,28.5,1.0,18.0,53.5,32.5,0.71,1.58,1.0,57.8
dummy_image_4.png,4,30.25,6.0,23.5,62.75,32.0,0.25,1.03,0.77,56.8
dummy_image_4.png,2,45.5,11.0,45.5,24.5,32.0,0.5,0.5,0.5,55.8
dummy_image_4.png,1,24.0,24.0,24.0,37.0,32.0,0.0,0.0,0.0,53.2
dummy_image_4.png,2,23.5,17.0,23.5,1.5,33.0,0.5,0.5,0.5,54.6
dummy_image_4.png,3,50.0,24.0,40.0,9.67,33.67,0.47,0.75,0.65,53.2
dummy_image_4.png,1,53.0,53.0,53.0,26.0,33.0,0.0,0.0,0.0,47.4
dummy_image_4.png,1,15.0,15.0,15.0,59.0,33.0,0.0,0.0,0.0,55.0
dummy_image_4.png,1,78.0,78.0,78.0,61.0,33.0,0.0,0.0,0.0,42.4
dummy_image_4.png,1,82.0,82.0,82.0,0.0,34.0,0.0,0.0,0.0,41.6
dummy_image_4.png,2,53.0,41.0,53.0,24.5,34.0,0.5,0.5,0.5,49.8
dummy_image_4.png,1,23.0,23.0,23.0,31.0,34.0,0.0,0.0,0.0,53.4
dummy_image_4.png,3,37.0,10.0,47.0,46.33,34.67,0.47,0.75,0.65,56.0
dummy_image_4.png,5,47.6,14.0,40.0,50.2,34.4,0.45,1.26,0.85,55.2
dummy_image_4.png,17,52.29,5.0,58.0,54.65,36.47,0.8,3.66,2.13,57.0
dummy_image_4.png,1,13.0,13.0,13.0,62.0,34.0,0.0,0.0,0.0,55.4
dummy_image_4.png,4,42.5,11.0,37.0,0.5,36.0,0.5,1.12,0.81,55.8
dummy_image_4.png,1,43.0,43.0,43.0,11.0,35.0,0.0,0.0,0.0,49.4
dummy_image_4.png,1,85.0,85.0,85.0,32.0,35.0,0.0,0.0,0.0,41.0
dummy_image_4.png,10,45.9,5.0,38.5,60.7,36.4,0.5,1.75,1.29,57.0
dummy_image_4.png,5,42.4,1.0,31.0,9.0,37.0,0.0,1.0,0.8,57.8
dummy_image_4.png,12,59.83,10.0,63.5,30.08,36.75,0.75,4.15,2.05,56.0
dummy_image_4.png,1,48.0,48.0,48.0,44.0,36.0,0.0,0.0,0.0,48.4
dummy_image_4.png,1,40.0,40.0,40.0,48.0,36.0,0.0,0.0,0.0,50.0
dummy_image_4.png,19,53.74,4.0,52.0,3.84,41.42,0.45,4.79,2.29,57.2
dummy_image_4.png,1,29.0,29.0,29.0,12.0,37.0,0.0,0.0,0.0,52.2
dummy_image_4.png,7,47.57,32.0,41.0,25.71,39.0,0.29,2.12,1.24,51.6
dummy_image_4.png,1,61.0,61.0,61.0,50.0,37.0,0.0,0.0,0.0,45.8
dummy_image_4.png,1,40.0,40.0,40.0,13.0,38.0,0.0,0.0,0.0,50.0
dummy_image_4.png,24,56.83,4.0,64.5,16.83,43.83,0.24,5.84,2.61,57.2
dummy_image_4.png,2,80.0,61.0,80.0,38.0,38.5,0.5,0.5,0.5,45.8
dummy_image_4.png,2,56.5,37.0,56.5,42.5,38.0,0.5,0.5,0.5,50.6
dummy_image_4.png,13,30.85,5.0,20.0,44.77,39.85,0.28,3.94,2.09,57.0
dummy_image_4.png,2,21.5,20.0,21.5,48.5,38.0,0.5,0.5,0.5,54.0
dummy_image_4.png,1,21.0,21.0,21.0,63.0,38.0,0.0,0.0,0.0,53.8
dummy_image_4.png,3,34.33,10.0,20.0,11.33,39.67,0.47,0.75,0.65,56.0
dummy_image_4.png,4,43.5,0.0,43.5,28.5,40.0,0.5,1.12,0.81,58.0
dummy_image_4.png,1,74.0,74.0,74.0,32.0,39.0,0.0,0.0,0.0,43.2
dummy_image_4.png,3,34.0,4.0,7.0,35.33,39.67,0.47,0.75,0.65,57.2
dummy_image_4.png,2,23.0,21.0,23.0,40.5,39.0,0.5,0.5,0.5,53.8
dummy_image_4.png,2,53.0,19.0,53.0,50.0,39.5,0.5,0.5,0.5,54.2
dummy_image_4.png,10,53.3,14.0,55.0,56.9,40.0,0.1,2.33,1.43,55.2
dummy_image_4.png,1,2.0,2.0,2.0,0.0,40.0,0.0,0.0,0.0,57.6
dummy_image_4.png,1,48.0,48.0,48.0,24.0,40.0,0.0,0.0,0.0,48.4
dummy_image_4.png,1,66.0,66.0,66.0,39.0,40.0,0.0,0.0,0.0,44.8
dummy_image_4.png,7,29.29,8.0,28.0,61.29,41.86,0.32,2.16,1.18,56.4
dummy_image_4.png,1,9.0,9.0,9.0,63.0,40.0,0.0,0.0,0.0,56.2
dummy_image_4.png,1,41.0,41.0,41.0,8.0,41.0,0.0,0.0,0.0,49.8
dummy_image_4.png,1,5.0,5.0,5.0,23.0,41.0,0.0,0.0,0.0,57.0
dummy_image_4.png,1,88.0,88.0,88.0,30.0,41.0,0.0,0.0,0.0,40.4
dummy_image_4.png,9,43.56,1.0,35.0,31.22,43.33,0.4,2.46,1.35,57.8
dummy_image_4.png,3,45.33,33.0,34.0,37.33,41.67,0.47,0.75,0.65,51.4
dummy_image_4.png,1,26.0,26.0,26.0,52.0,41.0,0.0,0.0,0.0,52.8
dummy_image_4.png,11,42.55,7.0,40.0,10.27,43.91,0.29,2.45,1.6,56.6
dummy_image_4.png,1,43.0,43.0,43.0,11.0,42.0,0.0,0.0,0.0,49.4
dummy_image_4.png,1,35.0,35.0,35.0,24.0,42.0,0.0,0.0,0.0,51.0
dummy_image_4.png,22,50.68,0.0,48.0,36.64,45.09,0.37,4.76,2.26,58.0
dummy_image_4.png,1,56.0,56.0,56.0,40.0,42.0,0.0,0.0,0.0,46.8
dummy_image_4.png,3,35.67,12.0,17.0,45.33,42.33,0.47,0.75,0.65,55.6
dummy_image_4.png,2,54.0,42.0,54.0,50.0,42.5,0.5,0.5,0.5,49.6
dummy_image_4.png,2,65.0,55.0,65.0,53.0,42.5,0.5,0.5,0.5,47.0
dummy_image_4.png,8,48.88,2.0,38.0,56.75,43.25,0.35,2.57,1.53,57.6
dummy_image_4.png,10,57.3,10.0,57.5,1.6,45.6,0.57,3.05,1.73,56.0
dummy_image_4.png,3,42.67,33.0,39.0,20.67,43.67,0.47,0.75,0.65,51.4
dummy_image_4.png,1,8.0,8.0,8.0,25.0,43.0,0.0,0.0,0.0,56.4
dummy_image_4.png,1,85.0,85.0,85.0,39.0,43.0,0.0,0.0,0.0,41.0
dummy_image_4.png,1,62.0,62.0,62.0,41.0,43.0,0.0,0.0,0.0,45.6
dummy_image_4.png,1,49.0,49.0,49.0,3.0,44.0,0.0,0.0,0.0,48.2
dummy_image_4.png,2,43.0,29.0,43.0,24.0,44.5,0.5,0.5,0.5,52.2
dummy_image_4.png,1,91.0,91.0,91.0,26.0,44.0,0.0,0.0,0.0,39.8
dummy_image_4.png,1,81.0,81.0,81.0,40.0,44.0,0.0,0.0,0.0,41.8
dummy_image_4.png,1,61.0,61.0,61.0,44.0,44.0,0.0,0.0,0.0,45.8
dummy_image_4.png,11,57.82,16.0,67.0,45.82,46.64,0.41,2.89,1.57,54.8
dummy_image_4.png,1,95.0,95.0,95.0,49.0,44.0,0.0,0.0,0.0,39.0
dummy_image_4.png,2,25.0,19.0,25.0,59.0,44.5,0.5,0.5,0.5,54.2
dummy_image_4.png,1,5.0,5.0,5.0,4.0,45.0,0.0,0.0,0.0,57.0
dummy_image_4.png,15,64.33,6.0,70.0,7.27,47.07,0.27,2.89,1.83,56.8
dummy_image_4.png,1,23.0,23.0,23.0,22.0,45.0,0.0,0.0,0.0,53.4
dummy_image_4.png,4,38.0,22.0,37.0,27.25,45.75,0.35,1.27,0.87,53.6
dummy_image_4.png,1,16.0,16.0,16.0,41.0,45.0,0.0,0.0,0.0,54.8
dummy_image_4.png,1,89.0,89.0,89.0,50.0,45.0,0.0,0.0,0.0,40.2
dummy_image_4.png,4,57.75,28.0,64.0,52.0,45.5,0.5,1.12,0.81,52.4
dummy_image_4.png,1,78.0,78.0,78.0,63.0,45.0,0.0,0.0,0.0,42.4
dummy_image_4.png,3,56.33,4.0,74.0,0.0,47.0,0.0,1.0,0.67,57.2
dummy_image_4.png,1,81.0,81.0,81.0,20.0,46.0,0.0,0.0,0.0,41.8
dummy_image_4.png,1,10.0,10.0,10.0,42.0,46.0,0.0,0.0,0.0,56.0
dummy_image_4.png,1,11.0,11.0,11.0,62.0,46.0,0.0,0.0,0.0,55.8
dummy_image_4.png,1,1.0,1.0,1.0,12.0,47.0,0.0,0.0,0.0,57.8
dummy_image_4.png,1,93.0,93.0,93.0,43.0,47.0,0.0,0.0,0.0,39.4
dummy_image_4.png,1,67.0,67.0,67.0,49.0,47.0,0.0,0.0,0.0,44.6
dummy_image_4.png,1,43.0,43.0,43.0,53.0,47.0,0.0,0.0,0.0,49.4
dummy_image_4.png,9,34.33,6.0,28.0,57.0,48.11,0.89,2.29,1.45,56.8
dummy_image_4.png,1,48.0,48.0,48.0,61.0,47.0,0.0,0.0,0.0,48.4
dummy_image_4.png,3,62.67,35.0,57.0,21.0,49.0,0.0,1.0,0.67,51.0
dummy_image_4.png,3,42.33,21.0,35.0,24.0,49.0,0.0,1.0,0.67,53.8
dummy_image_4.png,14,48.64,7.0,50.5,28.0,51.36,0.36,3.91,2.28,56.6
dummy_image_4.png,24,43.5,0.0,34.5,33.79,50.04,1.06,5.21,2.88,58.0
dummy_image_4.png,1,2.0,2.0,2.0,42.0,48.0,0.0,0.0,0.0,57.6
dummy_image_4.png,1,17.0,17.0,17.0,48.0,48.0,0.0,0.0,0.0,54.6
dummy_image_4.png,2,55.5,38.0,55.5,51.5,48.0,0.5,0.5,0.5,50.4
dummy_image_4.png,1,38.0,38.0,38.0,54.0,48.0,0.0,0.0,0.0,50.4
dummy_image_4.png,3,48.67,37.0,52.0,12.33,49.67,0.47,0.75,0.65,50.6
dummy_image_4.png,1,93.0,93.0,93.0,15.0,49.0,0.0,0.0,0.0,39.4
dummy_image_4.png,1,43.0,43.0,43.0,18.0,49.0,0.0,0.0,0.0,49.4
dummy_image_4.png,1,14.0,14.0,14.0,39.0,49.0,0.0,0.0,0.0,55.2
dummy_image_4.png,1,73.0,73.0,73.0,1.0,50.0,0.0,0.0,0.0,43.4
dummy_image_4.png,2,61.0,25.0,61.0,3.0,50.5,0.5,0.5,0.5,53.0
dummy_image_4.png,4,21.75,1.0,20.5,5.0,51.5,0.5,1.5,1.0,57.8
dummy_image_4.png,1,80.0,80.0,80.0,8.0,50.0,0.0,0.0,0.0,42.0
dummy_image_4.png,10,50.6,4.0,53.0,15.7,51.8,0.36,2.31,1.49,57.2
dummy_image_4.png,2,83.0,77.0,83.0,19.0,50.5,0.5,0.5,0.5,42.6
dummy_image_4.png,1,53.0,53.0,53.0,38.0,50.0,0.0,0.0,0.0,47.4
dummy_image_4.png,19,51.79,13.0,56.0,48.79,53.05,0.79,4.14,2.47,55.4
dummy_image_4.png,1,99.0,99.0,99.0,52.0,50.0,0.0,0.0,0.0,38.2
dummy_image_4.png,4,65.0,46.0,63.0,62.0,50.5,0.5,1.12,0.81,48.8
dummy_image_4.png,1,41.0,41.0,41.0,0.0,51.0,0.0,0.0,0.0,49.8
dummy_image_4.png,1,62.0,62.0,62.0,7.0,51.0,0.0,0.0,0.0,45.6
dummy_image_4.png,3,57.0,18.0,64.0,8.67,51.67,0.47,0.75,0.65,54.4
dummy_image_4.png,1,63.0,63.0,63.0,11.0,51.0,0.0,0.0,0.0,45.4
dummy_image_4.png,14,54.36,18.0,54.5,43.29,52.93,0.29,3.81,1.92,54.4
dummy_image_4.png,1,61.0,61.0,61.0,44.0,51.0,0.0,0.0,0.0,45.8
dummy_image_4.png,10,60.5,1.0,69.0,54.5,53.1,0.51,2.42,1.58,57.8
dummy_image_4.png,1,60.0,60.0,60.0,57.0,51.0,0.0,0.0,0.0,46.0
dummy_image_4.png,1,5.0,5.0,5.0,60.0,51.0,0.0,0.0,0.0,57.0
dummy_image_4.png,1,63.0,63.0,63.0,1.0,52.0,0.0,0.0,0.0,45.4
dummy_image_4.png,8,39.62,0.0,47.0,11.5,53.75,0.56,1.95,1.2,58.0
dummy_image_4.png,8,44.38,2.0,44.5,22.12,52.38,0.4,2.9,1.6,57.6
dummy_image_4.png,1,60.0,60.0,60.0,31.0,52.0,0.0,0.0,0.0,46.0
dummy_image_4.png,5,30.4,7.0,21.0,32.8,53.6,0.45,1.61,1.0,56.6
dummy_image_4.png,1,28.0,28.0,28.0,58.0,52.0,0.0,0.0,0.0,52.4
dummy_image_4.png,1,32.0,32.0,32.0,0.0,53.0,0.0,0.0,0.0,51.6
dummy_image_4.png,2,23.0,5.0,23.0,19.0,53.5,0.5,0.5,0.5,57.0
dummy_image_4.png,1,94.0,94.0,94.0,27.0,53.0,0.0,0.0,0.0,39.2
dummy_image_4.png,1,2.0,2.0,2.0,39.0,53.0,0.0,0.0,0.0,57.6
dummy_image_4.png,1,27.0,27.0,27.0,57.0,53.0,0.0,0.0,0.0,52.6
dummy_image_4.png,2,52.5,47.0,52.5,60.5,53.0,0.5,0.5,0.5,48.6
dummy_image_4.png,1,87.0,87.0,87.0,8.0,54.0,0.0,0.0,0.0,40.6
dummy_image_4.png,5,62.0,46.0,58.0,39.6,54.8,0.45,1.61,1.0,48.8
dummy_image_4.png,3,71.33,27.0,91.0,58.33,54.33,0.47,0.75,0.65,52.6
dummy_image_4.png,1,19.0,19.0,19.0,5.0,55.0,0.0,0.0,0.0,54.2
dummy_image_4.png,1,61.0,61.0,61.0,16.0,55.0,0.0,0.0,0.0,45.8
dummy_image_4.png,1,16.0,16.0,16.0,18.0,55.0,0.0,0.0,0.0,54.8
dummy_image_4.png,1,80.0,80.0,80.0,20.0,55.0,0.0,0.0,0.0,42.0
dummy_image_4.png,1,85.0,85.0,85.0,23.0,55.0,0.0,0.0,0.0,41.0
dummy_image_4.png,1,23.0,23.0,23.0,25.0,55.0,0.0,0.0,0.0,53.4
dummy_image_4.png,5,40.2,7.0,28.0,30.0,56.0,0.0,1.41,0.97,56.6
dummy_image_4.png,3,57.33,33.0,59.0,59.67,55.67,0.47,0.75,0.65,51.4
dummy_image_4.png,8,40.88,4.0,26.5,62.38,57.25,0.67,2.34,1.44,57.2
dummy_image_4.png,1,23.0,23.0,23.0,0.0,56.0,0.0,0.0,0.0,53.4
dummy_image_4.png,2,71.5,63.0,71.5,4.0,56.5,0.5,0.5,0.5,45.4
dummy_image_4.png,15,50.8,9.0,48.0,9.27,58.13,0.3,3.27,1.76,56.2
dummy_image_4.png,4,47.75,12.0,55.0,13.0,56.5,0.5,1.12,0.81,55.6
dummy_image_4.png,3,87.0,85.0,86.0,16.67,56.67,0.47,0.75,0.65,41.0
dummy_image_4.png,1,32.0,32.0,32.0,19.0,56.0,0.0,0.0,0.0,51.6
dummy_image_4.png,1,79.0,79.0,79.0,21.0,56.0,0.0,0.0,0.0,42.2
dummy_image_4.png,3,6.0,0.0,6.0,26.67,56.33,0.47,0.75,0.65,58.0
dummy_image_4.png,3,74.67,64.0,69.0,35.33,56.33,0.47,0.75,0.65,45.2
dummy_image_4.png,5,42.4,8.0,20.0,47.2,57.8,0.28,1.81,1.12,56.4
dummy_image_4.png,2,68.0,50.0,68.0,56.0,56.5,0.5,0.5,0.5,48.0
dummy_image_4.png,2,63.0,43.0,63.0,2.0,57.5,0.5,0.5,0.5,49.4
dummy_image_4.png,4,36.25,1.0,36.5,22.5,58.0,0.5,1.12,0.81,57.8
dummy_image_4.png,1,66.0,66.0,66.0,24.0,57.0,0.0,0.0,0.0,44.8
dummy_image_4.png,1,20.0,20.0,20.0,32.0,57.0,0.0,0.0,0.0,54.0
dummy_image_4.png,8,66.25,18.0,68.5,38.75,57.62,0.45,1.86,1.11,54.4
dummy_image_4.png,4,42.5,0.0,43.5,41.75,58.25,0.35,1.27,0.87,58.0
dummy_image_4.png,2,56.0,14.0,56.0,51.5,57.0,0.5,0.5,0.5,55.2
dummy_image_4.png,7,51.57,27.0,40.0,19.71,58.71,0.4,1.86,1.14,52.6
dummy_image_4.png,1,36.0,36.0,36.0,28.0,58.0,0.0,0.0,0.0,50.8
dummy_image_4.png,1,27.0,27.0,27.0,31.0,58.0,0.0,0.0,0.0,52.6
dummy_image_4.png,2,80.5,72.0,80.5,44.0,58.5,0.5,0.5,0.5,43.6
dummy_image_4.png,1,3.0,3.0,3.0,57.0,58.0,0.0,0.0,0.0,57.4
dummy_image_4.png,7,48.86,7.0,53.0,2.57,59.86,0.45,1.94,1.23,56.6
dummy_image_4.png,1,93.0,93.0,93.0,14.0,59.0,0.0,0.0,0.0,39.4
dummy_image_4.png,1,95.0,95.0,95.0,17.0,59.0,0.0,0.0,0.0,39.0
dummy_image_4.png,1,15.0,15.0,15.0,26.0,59.0,0.0,0.0,0.0,55.0
dummy_image_4.png,1,68.0,68.0,68.0,33.0,59.0,0.0,0.0,0.0,44.4
dummy_image_4.png,4,56.0,39.0,54.0,36.0,59.5,0.5,1.12,0.81,50.2
dummy_image_4.png,1,62.0,62.0,62.0,59.0,59.0,0.0,0.0,0.0,45.6
dummy_image_4.png,1,56.0,56.0,56.0,13.0,60.0,0.0,0.0,0.0,46.8
dummy_image_4.png,1,21.0,21.0,21.0,18.0,60.0,0.0,0.0,0.0,53.8
dummy_image_4.png,1,75.0,75.0,75.0,24.0,60.0,0.0,0.0,0.0,43.0
dummy_image_4.png,1,62.0,62.0,62.0,34.0,60.0,0.0,0.0,0.0,45.6
dummy_image_4.png,2,15.0,4.0,15.0,50.0,60.5,0.5,0.5,0.5,57.2
dummy_image_4.png,1,54.0,54.0,54.0,55.0,60.0,0.0,0.0,0.0,47.2
dummy_image_4.png,1,59.0,59.0,59.0,58.0,60.0,0.0,0.0,0.0,46.2
dummy_image_4.png,6,51.17,24.0,54.0,61.5,61.0,0.5,1.8,1.27,53.2
dummy_image_4.png,6,45.83,14.0,50.5,8.83,62.33,0.37,1.95,1.18,55.2
dummy_image_4.png,1,44.0,44.0,44.0,14.0,61.0,0.0,0.0,0.0,49.2
dummy_image_4.png,1,23.0,23.0,23.0,16.0,61.0,0.0,0.0,0.0,53.4
dummy_image_4.png,6,43.17,0.0,36.0,18.67,62.17,0.37,1.67,1.07,58.0
dummy_image_4.png,3,16.0,3.0,17.0,22.33,61.33,0.47,0.75,0.65,57.4
dummy_image_4.png,3,44.67,19.0,53.0,25.67,61.33,0.47,0.75,0.65,54.2
dummy_image_4.png,3,33.33,14.0,19.0,29.0,61.0,0.0,1.0,0.67,55.2
dummy_image_4.png,1,82.0,82.0,82.0,35.0,61.0,0.0,0.0,0.0,41.6
dummy_image_4.png,3,46.67,3.0,38.0,38.33,61.33,0.47,0.75,0.65,57.4
dummy_image_4.png,3,28.0,8.0,26.0,42.67,61.33,0.47,0.75,0.65,56.4
dummy_image_4.png,3,77.0,71.0,80.0,47.67,61.33,0.47,0.75,0.65,43.8
dummy_image_4.png,1,43.0,43.0,43.0,54.0,61.0,0.0,0.0,0.0,49.4
dummy_image_4.png,1,4.0,4.0,4.0,2.0,62.0,0.0,0.0,0.0,57.2
dummy_image_4.png,5,37.6,3.0,42.0,34.8,62.8,0.28,1.81,1.12,57.4
dummy_image_4.png,3,47.33,11.0,58.0,40.33,62.33,0.47,0.75,0.65,55.8
dummy_image_4.png,6,45.17,9.0,52.0,52.5,62.67,0.6,1.54,0.99,56.2
dummy_image_4.png,2,58.5,37.0,58.5,57.0,62.5,0.5,0.5,0.5,50.6
dummy_image_4.png,1,81.0,81.0,81.0,0.0,63.0,0.0,0.0,0.0,41.8
dummy_image_4.png,2,25.0,1.0,25.0,14.5,63.0,0.5,0.5,0.5,57.8
dummy_image_4.png,1,97.0,97.0,97.0,23.0,63.0,0.0,0.0,0.0,38.6
dummy_image_4.png,4,52.25,20.0,56.5,29.5,63.0,0.5,1.5,1.0,54.0
dummy_image_4.png,2,74.0,52.0,74.0,46.5,63.0,0.5,0.5,0.5,47.6
dummy_image_4.png,1,31.0,31.0,31.0,61.0,63.0,0.0,0.0,0.0,51.8
